PeakID (cmd=annotatePeaks.pl ../temp_results/BEDs/CLB_SKN_A_chr.bed hg38)	Chr	Start	End	Strand	Peak Score	Focus Ratio/Region Size	Annotation	Detailed Annotation	Distance to TSS	Nearest PromoterID	Entrez ID	Nearest Unigene	Nearest Refseq	Nearest Ensembl	Gene Name	Gene Alias	Gene Description	Gene Type
*-52	chr2	2166498	2215101	+	0	NA	intron (NM_015025, intron 2 of 24)	AluSp|SINE|Alu	-128433	NR_024468	730811	Hs.629472	NR_024468	ENSG00000225619	MYT1L-AS1	-	MYT1L antisense RNA 1	ncRNA
*-130	chr1	204258848	204303551	+	0	NA	intron (NM_014935, intron 1 of 22)	intron (NM_014935, intron 1 of 22)	-67211	NM_198447	127845	Hs.532401	NM_198447	ENSG00000174567	GOLT1A	CGI-141|GOT1|HMFN1187|YMR292W|hGOT1b	golgi transport 1A	protein-coding
*-26	chr17	64158698	64190801	+	0	NA	intron (NM_018469, intron 6 of 11)	intron (NM_018469, intron 6 of 11)	28410	NR_002995	677842	Hs.405444	NR_002995	ENSG00000277887	SNORA50C	ACA62|SNORA76|SNORA76C	small nucleolar RNA, H/ACA box 50C	snoRNA
*-88	chr10	63699698	63722751	+	0	NA	Intergenic	L2c|LINE|L2	-189334	NM_001318154	221037	Hs.413416	NM_004241	ENSG00000171988	JMJD1C	KDM3C|TRIP-8|TRIP8	jumonji domain containing 1C	protein-coding
*-9	chr4	173745048	173767901	+	0	NA	Intergenic	AluJb|SINE|Alu	-140799	NR_146487	101928478		NR_146487	ENSG00000250708	LINC02269	-	long intergenic non-protein coding RNA 2269	ncRNA
*-196	chr14	61462848	61487001	+	0	NA	intron (NM_006255, intron 9 of 13)	intron (NM_006255, intron 9 of 13)	95270	NR_110417	101927780	Hs.254789	NR_110416	ENSG00000250548	LINC01303	-	long intergenic non-protein coding RNA 1303	ncRNA
*-79	chr16	49825737	49854918	+	0	NA	intron (NM_001271620, intron 1 of 7)	MER103C|DNA|hAT-Charlie	-17589	NM_015069	23090	Hs.443715	NM_015069	ENSG00000102935	ZNF423	Ebfaz|JBTS19|NPHP14|OAZ|Roaz|ZFP423|Zfp104|hOAZ	zinc finger protein 423	protein-coding
*-11	chr12	40722648	40748051	+	0	NA	intron (NM_001256063, intron 1 of 15)	intron (NM_001256063, intron 1 of 15)	42907	NM_001256063	1272	Hs.143434	NM_001843	ENSG00000018236	CNTN1	F3|GP135|MYPCN	contactin 1	protein-coding
*-125	chr1	83691448	83717301	+	0	NA	intron (NR_119375, intron 2 of 2)	intron (NR_119375, intron 2 of 2)	156172	NR_119374	101927560	Hs.559661	NR_119374	ENSG00000233008	LOC101927560	-	uncharacterized LOC101927560	ncRNA
*-41	chr5	124697498	124750651	+	0	NA	intron (NM_020747, intron 1 of 8)	L1M5|LINE|L1	21038	NM_020747	57507	Hs.266616	NM_020747	ENSG00000168916	ZNF608	NY-REN-36	zinc finger protein 608	protein-coding
*-147	chr11	113090198	113215951	+	0	NA	intron (NM_181351, intron 1 of 18)	AluSg|SINE|Alu	120827	NR_034101	100288346	Hs.661826	NR_034101	ENSG00000227487	NCAM1-AS1	-	NCAM1 antisense RNA1	ncRNA
*-37	chr5	107497548	107555951	+	0	NA	intron (NM_001962, intron 1 of 4)	intron (NM_001962, intron 1 of 4)	144188	NM_001962	1946	Hs.288741	NM_001962	ENSG00000184349	EFNA5	AF1|EFL5|EPLG7|GLC1M|LERK7|RAGS	ephrin A5	protein-coding
*-168	chr7	133663898	133683351	+	0	NA	intron (NM_021807, intron 10 of 17)	intron (NM_021807, intron 10 of 17)	151264	NR_120513	101928861	Hs.675747	NR_120513		LOC101928861	-	uncharacterized LOC101928861	ncRNA
*-80	chr16	55641098	55707801	+	0	NA	intron (NM_001172504, intron 3 of 13)	AluSx1|SINE|Alu	2778	NM_001172502	6530	Hs.78036	NM_001043	ENSG00000103546	SLC6A2	NAT1|NET|NET1|SLC6A5	solute carrier family 6 member 2	protein-coding
*-193	chr13	109646348	109670451	+	0	NA	Intergenic	MSTC|LTR|ERVL-MaLR	-69875	NR_103846	101409253	Hs.578072	NR_103846	ENSG00000234854	LINC00676	-	long intergenic non-protein coding RNA 676	ncRNA
*-229	chr6	156968448	156996351	+	0	NA	intron (NM_020732, intron 5 of 19)	HAL1|LINE|L1	-54028	NM_001363725	57492	Hs.291587	NM_017519	ENSG00000049618	ARID1B	6A3-5|BAF250B|BRIGHT|CSS1|DAN15|ELD/OSA1|MRD12|OSA2|P250R	AT-rich interaction domain 1B	protein-coding
*-218	chr6	50815548	50850051	+	0	NA	intron (NM_003221, intron 3 of 6)	intron (NM_003221, intron 3 of 6)	13928	NM_003221	7021	Hs.33102	NM_003221	ENSG00000008196	TFAP2B	AP-2B|AP2-B|PDA2	transcription factor AP-2 beta	protein-coding
*-142	chr11	75624448	75640201	+	0	NA	intron (NM_207577, intron 1 of 2)	intron (NM_207577, intron 1 of 2)	36110	NM_207577	4135	Hs.585540	NM_033063	ENSG00000171533	MAP6	MAP6-N|MTAP6|N-STOP|STOP	microtubule associated protein 6	protein-coding
*-62	chr2	42116748	42148301	+	0	NA	Intergenic	Intergenic	-36829	NM_019063	27436	Hs.713173	NM_019063	ENSG00000143924	EML4	C2orf2|ELP120|EMAP-4|EMAPL4|ROPP120	EMAP like 4	protein-coding
*-104	chr9	91811398	91864901	+	0	NA	intron (NM_001318204, intron 1 of 7)	intron (NM_001318204, intron 1 of 7)	112079	NM_001318204	4920	Hs.98255	NM_004560	ENSG00000169071	ROR2	BDB|BDB1|NTRKR2	receptor tyrosine kinase like orphan receptor 2	protein-coding
*-127	chr1	95306198	95326401	+	0	NA	intron (NR_135588, intron 1 of 1)	intron (NR_135588, intron 1 of 1)	1964	NR_135588	100996630	Hs.662270	NR_135588	ENSG00000228504	LINC01760	-	long intergenic non-protein coding RNA 1760	ncRNA
*-7	chr4	140235848	140254251	+	0	NA	Intergenic	Intergenic	-12259	NM_032547	60592	Hs.480815	NM_032547	ENSG00000153130	SCOC	HRIHFB2072|SCOCO|UNC-69	short coiled-coil protein	protein-coding
*-206	chr18	75243598	75265451	+	0	NA	intron (NM_001308210, intron 1 of 1)	Tigger15a|DNA|TcMar-Tigger	42995	NM_001308210	10194	Hs.284217	NM_005786	ENSG00000179981	TSHZ1	CAA|NY-CO-33|SDCCAG33|TSH1	teashirt zinc finger homeobox 1	protein-coding
*-15	chr12	112794742	112881901	+	0	NA	intron (NR_145127, intron 4 of 22)	intron (NR_145127, intron 4 of 22)	46573	NM_001143854	22895	Hs.21239	NM_014954	ENSG00000089169	RPH3A	-	rabphilin 3A	protein-coding
*-64	chr2	50999098	51015501	+	0	NA	intron (NM_004801, intron 2 of 21)	intron (NM_004801, intron 2 of 21)	24833	NM_001330078	9378	Hs.637685	NM_004801	ENSG00000179915	NRXN1	Hs.22998|PTHSL2|SCZD17	neurexin 1	protein-coding
*-122	chr1	60857548	60961651	+	0	NA	Intergenic	L2c|LINE|L2	61177	NR_110617	100996570	Hs.46616	NR_110617	ENSG00000237928	NFIA-AS2	-	NFIA antisense RNA 2	ncRNA
*-99	chr10	112198748	112216801	+	0	NA	Intergenic	Intergenic	-24009	NM_001244949	57678	Hs.42586	NM_020918	ENSG00000119927	GPAM	GPAT|GPAT1	glycerol-3-phosphate acyltransferase, mitochondrial	protein-coding
*-184	chr3	139516448	139536828	+	0	NA	3' UTR (NM_001130992, exon 3 of 3)	3' UTR (NM_001130992, exon 3 of 3)	12998	NM_001365940	5947	Hs.529571	NM_002899	ENSG00000114115	RBP1	CRABP-I|CRBP|CRBP1|CRBPI|RBPC	retinol binding protein 1	protein-coding
*-45	chr5	150567198	150657701	+	0	NA	intron (NM_001166208, intron 1 of 2)	(CATT)n|Simple_repeat|Simple_repeat	-5195	NM_001166209	11346	Hs.435228	NM_007286	ENSG00000171992	SYNPO	-	synaptopodin	protein-coding
*-54	chr2	3099648	3156551	+	0	NA	Intergenic	Intergenic	-2073	NR_110228	101927554	Hs.638446	NR_110228	ENSG00000234423	LINC01250	-	long intergenic non-protein coding RNA 1250	ncRNA
*-161	chr7	11706948	11817551	+	0	NA	intron (NM_015204, intron 1 of 26)	L1PA17|LINE|L1	69949	NM_015204	221981	Hs.120855	NM_015204	ENSG00000005108	THSD7A	-	thrombospondin type 1 domain containing 7A	protein-coding
*-145	chr11	79016348	79089351	+	0	NA	intron (NM_001098816, intron 6 of 33)	LTR16D|LTR|ERVL	349260	NR_030598	100126333		NR_030598	ENSG00000211997	MIR708	MIRN708|hsa-mir-708	microRNA 708	ncRNA
*-203	chr18	48919848	48946332	+	0	NA	intron (NM_001190822, intron 3 of 3)	intron (NM_001190822, intron 3 of 3)	9717	NM_001190823	4092	Hs.465087	NM_005904	ENSG00000101665	SMAD7	CRCS3|MADH7|MADH8	SMAD family member 7	protein-coding
*-211	chr20	34032498	34108151	+	0	NA	intron (NM_007367, intron 2 of 8)	intron (NM_007367, intron 2 of 8)	21205	NR_039911	100616434		NR_039911	ENSG00000264616	MIR4755	mir-4755	microRNA 4755	ncRNA
*-108	chr9	121700048	121734001	+	0	NA	intron (NM_032552, intron 3 of 16)	LTR82B|LTR|ERVL	-25761	NM_138709	153090	Hs.522378	NM_032552	ENSG00000136848	DAB2IP	AF9Q34|AIP-1|AIP1|DIP1/2	DAB2 interacting protein	protein-coding
*-86	chr10	20859748	20964051	+	0	NA	intron (NM_001173484, intron 4 of 6)	intron (NM_001173484, intron 4 of 6)	-14297	NM_006393	10529	Hs.5025	NM_006393	ENSG00000078114	NEBL	LASP2|LNEBL	nebulette	protein-coding
*-140	chr11	36604548	36636151	+	0	NA	intron (NM_001276725, intron 2 of 3)	intron (NM_001276725, intron 2 of 3)	-22070	NM_001243786	5897	Hs.714519	NM_000536	ENSG00000175097	RAG2	RAG-2	recombination activating 2	protein-coding
*-153	chr22	25474348	25497301	+	0	NA	Intergenic	L2b|LINE|L2	30178	NR_106875	102466198		NR_106875	ENSG00000277872	MIR6817	hsa-mir-6817	microRNA 6817	ncRNA
*-28	chr8	24993548	25023651	+	0	NA	Intergenic	Intergenic	-51730	NM_006158	4747	Hs.521461	NM_006158	ENSG00000277586	NEFL	CMT1F|CMT2E|CMTDIG|NF-L|NF68|NFL|PPP1R110	neurofilament light	protein-coding
*-4	chr4	53042098	53056351	+	0	NA	intron (NM_152540, intron 5 of 8)	intron (NM_152540, intron 5 of 8)	186907	NM_023940	65997	Hs.8035	NM_023940	ENSG00000128045	RASL11B	-	RAS like family 11 member B	protein-coding
*-179	chr3	119290198	119370751	+	0	NA	intron (NM_020754, intron 1 of 11)	intron (NM_020754, intron 1 of 11)	-7714	NR_046748	100874246	Hs.607097	NR_046748	ENSG00000241155	ARHGAP31-AS1	-	ARHGAP31 antisense RNA 1	ncRNA
*-156	chr22	40309998	40336101	+	0	NA	exon (NM_001024843, exon 24 of 24)	exon (NM_001024843, exon 24 of 24)	-23451	NM_001123378	158	Hs.75527	NM_000026	ENSG00000239900	ADSL	AMPS|ASASE|ASL	adenylosuccinate lyase	protein-coding
*-188	chr13	35953698	35966401	+	0	NA	intron (NM_001330071, intron 3 of 16)	intron (NM_001330071, intron 3 of 16)	-104188	NM_001195415	9201	Hs.507755	NM_004734	ENSG00000133083	DCLK1	CL1|CLICK1|DCAMKL1|DCDC3A|DCLK	doublecortin like kinase 1	protein-coding
*-20	chr17	55429898	55453451	+	0	NA	Intergenic	MER58A|DNA|hAT-Charlie	-19839	NM_012329	23531	Hs.463483	NM_012329	ENSG00000108960	MMD	MMA|MMD1|PAQR11	monocyte to macrophage differentiation associated	protein-coding
*-75	chr2	235630148	235699801	+	0	NA	intron (NM_001037131, intron 1 of 17)	AluJr|SINE|Alu	-147053	NR_146582	27321		NR_146582		TNRC17	CAGL234	trinucleotide repeat containing 17	ncRNA
*-137	chr11	10020948	10093351	+	0	NA	intron (NM_030962, intron 2 of 39)	L1PA14|LINE|L1	218007	NR_120539	101928008	Hs.585524	NR_120539	ENSG00000255476	LOC101928008	-	uncharacterized LOC101928008	ncRNA
*-91	chr10	76867948	76944601	+	0	NA	intron (NR_120655, intron 2 of 3)	intron (NR_120655, intron 2 of 3)	18230	NR_120655	101929328	Hs.664552	NR_120655	ENSG00000236467	KCNMA1-AS1	-	KCNMA1 antisense RNA 1	ncRNA
*-132	chr1	216517648	216616851	+	0	NA	intron (NM_001243518, intron 5 of 7)	intron (NM_001243518, intron 5 of 7)	-143801	NM_206933	7399	Hs.655974	NM_007123	ENSG00000042781	USH2A	RP39|US2|USH2|dJ1111A8.1	usherin	protein-coding
*-113	chr1	7551998	7595801	+	0	NA	intron (NM_001349608, intron 5 of 21)	AluSx|SINE|Alu	-95831	NM_001349614	23261	Hs.397705	NM_015215	ENSG00000171735	CAMTA1	CANPMR	calmodulin binding transcription activator 1	protein-coding
*-101	chr9	2469898	2507151	+	0	NA	Intergenic	AluSz|SINE|Alu	-133263	NM_003383	7436	Hs.370422	NM_003383	ENSG00000147852	VLDLR	CAMRQ1|CARMQ1|CHRMQ1|VLDL-R|VLDLRCH	very low density lipoprotein receptor	protein-coding
*-239	chr15	31330898	31373201	+	0	NA	intron (NM_001302461, intron 1 of 1).3	intron (NM_001302461, intron 1 of 1).3	25214	NM_001302461	51621	Hs.376443	NM_015995	ENSG00000169926	KLF13	BTEB3|FKLF2|NSLP1|RFLAT-1|RFLAT1	Kruppel like factor 13	protein-coding
*-49	chr5	164497248	164540901	+	0	NA	intron (NR_105065, intron 2 of 3)	MLT1H|LTR|ERVL-MaLR	48795	NR_105065	102546299	Hs.437730	NR_105065	ENSG00000241956	LOC102546299	-	uncharacterized LOC102546299	ncRNA
*-63	chr2	44744798	44778601	+	0	NA	intron (NM_024766, intron 9 of 10)	intron (NM_024766, intron 9 of 10)	177189	NR_147194	107985879	Hs.436392	NR_147194	ENSG00000259439	LINC01833	K21.1|RP11-89	long intergenic non-protein coding RNA 1833	ncRNA
*-116	chr1	21253698	21285501	+	0	NA	intron (NM_001113347, intron 2 of 16)	intron (NM_001113347, intron 2 of 16)	10016	NM_001113347	1889	Hs.195080	NM_001397	ENSG00000117298	ECE1	ECE	endothelin converting enzyme 1	protein-coding
*-181	chr3	128315898	128371201	+	0	NA	intron (NM_021937, intron 5 of 6)	intron (NM_021937, intron 5 of 6)	-120045	NR_037890	285224	Hs.683815	NR_037890	ENSG00000242049	DNAJB8-AS1	-	DNAJB8 antisense RNA 1	ncRNA
*-53	chr2	2315848	2334701	+	0	NA	promoter-TSS (NM_001329845)	promoter-TSS (NM_001329845)	-585	NM_001329848	23040	Hs.434418	NM_015025	ENSG00000186487	MYT1L	MRD39|NZF1|ZC2H2C2|ZC2HC4B|myT1-L	myelin transcription factor 1 like	protein-coding
*-120	chr1	50264298	50280051	+	0	NA	Intergenic	Intergenic	151269	NM_032110	63950	Hs.334481	NM_032110	ENSG00000142700	DMRTA2	-	DMRT like family A2	protein-coding
*-95	chr10	88341698	88373201	+	0	NA	intron (NM_018363, intron 5 of 6)	MER117|DNA|hAT-Charlie	225869	NM_001031709	55328	Hs.149849	NM_018363	ENSG00000184719	RNLS	C10orf59|RENALASE	renalase, FAD dependent amine oxidase	protein-coding
*-164	chr7	82231198	82294651	+	0	NA	intron (NM_000722, intron 3 of 38)	MER39|LTR|ERV1	180853	NM_001302890	781	Hs.282151	NM_000722	ENSG00000153956	CACNA2D1	CACNA2|CACNL2A|CCHL2A|LINC01112|lncRNA-N3	calcium voltage-gated channel auxiliary subunit alpha2delta 1	protein-coding
*-19	chr17	50903748	50975951	+	0	NA	Intergenic	Intergenic	-71871	NM_001243877	10140	Hs.703321	NM_005749	ENSG00000141232	TOB1	APRO5|APRO6|PIG49|TOB|TROB|TROB1	transducer of ERBB2, 1	protein-coding
*-71	chr2	188567348	188598001	+	0	NA	intron (NM_016315, intron 9 of 11)	intron (NM_016315, intron 9 of 11)	207449	NR_161166	116093	Hs.470892	NM_052952	ENSG00000174325	DIRC1	-	disrupted in renal carcinoma 1	ncRNA
*-214	chr6	16332498	16381051	+	0	NA	intron (NM_000332, intron 7 of 8)	intron (NM_000332, intron 7 of 8)	118187	NM_006877	2766	Hs.484741	NM_006877	ENSG00000137198	GMPR	GMPR 1|GMPR1	guanosine monophosphate reductase	protein-coding
*-135	chr1	245557648	245591501	+	0	NA	intron (NM_018012, intron 5 of 14)	intron (NM_018012, intron 5 of 14)	-340057	NR_151721	111216275	Hs.663694	NR_151721	ENSG00000232192	KIF26B-AS1	-	KIF26B antisense RNA 1	ncRNA
*-171	chr3	8647797	8663601	+	0	NA	Intergenic	Intergenic	-3615	NM_001256749	51066	Hs.736935	NM_015931	ENSG00000125046	SSUH2	C3orf32|SSU-2|fls485	ssu-2 homolog	protein-coding
*-238	chrX	119667148	119688901	+	0	NA	intron (NM_145799, intron 1 of 10)	AluJb|SINE|Alu	15144	NM_015129	23157	Hs.496666	NM_015129	ENSG00000125354	SEPTIN6	SEP2|SEPT2|SEPT6	septin 6	protein-coding
*-43	chr5	138942298	138956251	+	0	NA	intron (NM_022464, intron 9 of 9)	intron (NM_022464, intron 9 of 9)	73874	NM_001324011	1495	Hs.445981	NM_001903	ENSG00000044115	CTNNA1	CAP102|MDPT2	catenin alpha 1	protein-coding
*-94	chr10	88192948	88207951	+	0	NA	Intergenic	Intergenic	336824	NM_001304718	5728	Hs.500466	NM_000314	ENSG00000171862	PTEN	10q23del|BZS|CWS1|DEC|GLM2|MHAM|MMAC1|PTEN1|PTENbeta|TEP1	phosphatase and tensin homolog	protein-coding
*-123	chr1	64154748	64196551	+	0	NA	intron (NM_005012, intron 8 of 8)	MamRep434|DNA|TcMar-Tigger	-27974	NM_001366233	148581	Hs.388746	NM_152489	ENSG00000177414	UBE2U	-	ubiquitin conjugating enzyme E2 U	protein-coding
*-69	chr2	174859498	174912151	+	0	NA	intron (NM_001025201, intron 6 of 12)	intron (NM_001025201, intron 6 of 12)	-38206	NM_001206602	1123	Hs.380138	NM_001822	ENSG00000128656	CHN1	ARHGAP2|CHN|DURS2|NC|RHOGAP2	chimerin 1	protein-coding
*-207	chr20	10245298	10310551	+	0	NA	intron (NM_001322907, intron 5 of 9)	intron (NM_001322907, intron 5 of 9)	-58418	NR_040710	100131208	Hs.658178	NR_040710	ENSG00000227906	SNAP25-AS1	-	SNAP25 antisense RNA 1	ncRNA
*-59	chr2	29479448	29531351	+	0	NA	intron (NM_004304, intron 4 of 28)	L3|LINE|CR1	-30022	NR_136317	105374389	Hs.196534	NR_136317		LOC105374389	-	uncharacterized LOC105374389	ncRNA
*-224	chr6	111736048	111800851	+	0	NA	intron (NM_153047, intron 3 of 13)	intron (NM_153047, intron 3 of 13)	-8532	NM_001370529	2534	Hs.390567	NM_002037	ENSG00000010810	FYN	SLK|SYN|p59-FYN	FYN proto-oncogene, Src family tyrosine kinase	protein-coding
*-13	chr12	79282198	79307301	+	0	NA	intron (NM_001291901, intron 5 of 9)	intron (NM_001291901, intron 5 of 9)	-124508	NR_031700	100302136		NR_031700	ENSG00000221788	MIR1252	MIRN1252|hsa-mir-1252	microRNA 1252	ncRNA
*-110	chr9	129393348	129433551	+	0	NA	Intergenic	CpG	-75211	NR_038955	100506190	Hs.529860	NR_038955		LINC00963	MetaLnc9	long intergenic non-protein coding RNA 963	ncRNA
*-195	chr14	51863302	51940451	+	0	NA	intron (NM_001243773, intron 2 of 3)	intron (NM_001243773, intron 2 of 3)	16695	NR_126331	102723604	Hs.667541	NR_126331	ENSG00000258928	LOC102723604	-	uncharacterized LOC102723604	ncRNA
*-72	chr2	190432048	190486901	+	0	NA	intron (NM_017694, intron 3 of 7)	intron (NM_017694, intron 3 of 7)	51119	NM_017694	54842	Hs.418581	NM_017694	ENSG00000151690	MFSD6	MMR2|hMMR2	major facilitator superfamily domain containing 6	protein-coding
*-202	chr18	46402548	46438751	+	0	NA	intron (NM_001256758, intron 1 of 5)	AluSq2|SINE|Alu	86425	NR_046357	494470	Hs.501114	NM_152470	ENSG00000141622	RNF165	ARKL2|Ark2C|RNF111L2	ring finger protein 165	protein-coding
*-126	chr1	89682798	89720051	+	0	NA	intron (NM_032270, intron 2 of 2)	AluY|SINE|Alu	68304	NM_032270	84230	Hs.412836	NM_032270	ENSG00000171488	LRRC8C	AD158|FAD158	leucine rich repeat containing 8 VRAC subunit C	protein-coding
*-244	chr15	74282698	74313551	+	0	NA	intron (NM_025055, intron 11 of 18)	intron (NM_025055, intron 11 of 18)	-20435	NM_182791	80125	Hs.383206	NM_025055	ENSG00000140481	CCDC33	CT61|HP11097	coiled-coil domain containing 33	protein-coding
*-36	chr5	80168998	80206901	+	0	NA	intron (NR_126061, intron 2 of 13)	intron (NR_126061, intron 2 of 13)	68099	NM_178276	256987	Hs.288232	NM_178276	ENSG00000164300	SERINC5	C5orf12|TPO1	serine incorporator 5	protein-coding
*-178	chr3	115693148	115715051	+	0	NA	intron (NM_002045, intron 2 of 2)	intron (NM_002045, intron 2 of 2)	80589	NM_001130064	2596	Hs.134974	NM_002045	ENSG00000172020	GAP43	B-50|PP46	growth associated protein 43	protein-coding
*-231	chr6	158387798	158417701	+	0	NA	intron (NM_020245, intron 1 of 13)	intron (NM_020245, intron 1 of 13)	79767	NR_145798	109623462		NR_145798		SNORA116	-	small nucleolar RNA, H/ACA box 116	snoRNA
*-6	chr4	140003398	140119401	+	0	NA	intron (NM_018717, intron 1 of 4)	intron (NM_018717, intron 1 of 4)	-66616	NR_147610	101927516	Hs.662570	NR_147610		LOC101927516	-	uncharacterized LOC101927516	ncRNA
*-146	chr11	112995498	113046701	+	0	NA	intron (NM_181351, intron 1 of 18)	intron (NM_181351, intron 1 of 18)	-57639	NR_120563	101928847	Hs.711235	NR_120563	ENSG00000247416	LOC101928847	-	uncharacterized LOC101928847	ncRNA
*-74	chr2	197240398	197284001	+	0	NA	intron (NR_046837, intron 5 of 5)	intron (NR_046837, intron 5 of 5)	40320	NR_046837	101927547	Hs.687027	NR_046837	ENSG00000236977	ANKRD44-IT1	-	ANKRD44 intronic transcript 1	ncRNA
*-109	chr9	127647748	127669201	+	0	NA	intron (NM_001032221, intron 4 of 18)	intron (NM_001032221, intron 4 of 18)	32321	NR_037473	100500872		NR_037473	ENSG00000283874	MIR3911	mir-3911	microRNA 3911	ncRNA
*-5	chr4	95241998	95326251	+	0	NA	intron (NM_003728, intron 3 of 15)	intron (NM_003728, intron 3 of 15)	192633	NM_001256794	658	Hs.598475	NM_001203	ENSG00000138696	BMPR1B	ALK-6|ALK6|AMDD|BDA1D|BDA2|CDw293	bone morphogenetic protein receptor type 1B	protein-coding
*-27	chr8	11409498	11473251	+	0	NA	intron (NM_053279, intron 2 of 2)	MER5A1|DNA|hAT-Charlie	25379	NM_053279	83648	Hs.124299	NM_053279	ENSG00000154319	FAM167A	C8orf13|D8S265|DIORA-1	family with sequence similarity 167 member A	protein-coding
*-197	chr14	77031698	77051451	+	0	NA	intron (NR_110554, intron 1 of 3)	intron (NR_110554, intron 1 of 3)	525	NR_110554	283575	Hs.651736	NR_110554	ENSG00000246548	LINC02288	-	long intergenic non-protein coding RNA 2288	ncRNA
*-192	chr13	104001498	104016001	+	0	NA	Intergenic	Intergenic	583549	NR_126374	104326190	Hs.334381	NR_126374	ENSG00000234551	LINC01309	TCONS_l2_00007459	long intergenic non-protein coding RNA 1309	ncRNA
*-205	chr18	55400448	55440951	+	0	NA	intron (NM_001348217, intron 4 of 18)	intron (NM_001348217, intron 4 of 18)	1598	NM_001348212	6925	Hs.605153	NM_003199	ENSG00000196628	TCF4	E2-2|FECD3|ITF-2|ITF2|PTHS|SEF-2|SEF2|SEF2-1|SEF2-1A|SEF2-1B|SEF2-1D|TCF-4|bHLHb19	transcription factor 4	protein-coding
*-143	chr11	78221848	78373351	+	0	NA	intron (NM_080491, intron 1 of 9)	L2b|LINE|L2	44281	NM_012296	9846	Hs.429434	NM_012296	ENSG00000033327	GAB2	-	GRB2 associated binding protein 2	protein-coding
*-150	chr11	126101748	126117401	+	0	NA	Intergenic	Intergenic	-46282	NM_016952	50937	Hs.38034	NM_016952	ENSG00000064309	CDON	CDO|CDON1|HPE11|ORCAM	cell adhesion associated, oncogene regulated	protein-coding
*-92	chr10	77861298	77921401	+	0	NA	intron (NM_004747, intron 1 of 31).2	MER45A|DNA|hAT-Tip100	35406	NM_004747	9231	Hs.652690	NM_004747	ENSG00000151208	DLG5	LP-DLG|P-DLG5|PDLG	discs large MAGUK scaffold protein 5	protein-coding
*-189	chr13	46611948	46699751	+	0	NA	intron (NM_001164213, intron 2 of 18)	intron (NM_001164213, intron 2 of 18)	102679	NM_015116	23143	Hs.507971	NM_015116	ENSG00000136141	LRCH1	CHDC1|NP81	leucine rich repeats and calponin homology domain containing 1	protein-coding
*-174	chr3	27118298	27134201	+	0	NA	intron (NM_001304384, intron 13 of 16)	intron (NM_001304384, intron 13 of 16)	90274	NM_001031741	152110	Hs.506115	NM_152534	ENSG00000163491	NEK10	-	NIMA related kinase 10	protein-coding
*-112	chr1	7476148	7512151	+	0	NA	intron (NM_001349608, intron 5 of 21)	intron (NM_001349608, intron 5 of 21)	-104395	NR_146201	102725193	Hs.666120	NR_146199	ENSG00000237728	LOC102725193	-	uncharacterized LOC102725193	ncRNA
*-155	chr22	28014048	28036801	+	0	NA	intron (NM_001145418, intron 13 of 22)	MIRb|SINE|MIR	-104812	NR_036169	100423034		NR_036169	ENSG00000264073	MIR3199-1	mir-3199-1	microRNA 3199-1	ncRNA
*-200	chr14	101812801	101895001	+	0	NA	intron (NM_001352916, intron 2 of 13)	intron (NM_001352916, intron 2 of 13)	44038	NM_001352912	5527	Hs.368264	NM_002719	ENSG00000078304	PPP2R5C	B56G|B56gamma|PR61G	protein phosphatase 2 regulatory subunit B'gamma	protein-coding
*-55	chr2	3281148	3324601	+	0	NA	intron (NM_001330530, intron 3 of 9)	intron (NM_001330530, intron 3 of 9)	74944	NM_001330530	7260	Hs.502770	NM_003310	ENSG00000032389	EIPR1	EIPR-1|TSSC1	EARP complex and GARP complex interacting protein 1	protein-coding
*-117	chr1	21302848	21338501	+	0	NA	intron (NM_001113348, intron 1 of 18)	MIRb|SINE|MIR	24830	NM_001113348	1889	Hs.195080	NM_001397	ENSG00000117298	ECE1	ECE	endothelin converting enzyme 1	protein-coding
*-44	chr5	149409948	149425916	+	0	NA	intron (NR_105060, intron 1 of 4)	MIR3|SINE|MIR	-10986	NR_029684	406935		NR_029684	ENSG00000284182	MIR143	MIRN143|mir-143	microRNA 143	ncRNA
*-93	chr10	78288198	78303151	+	0	NA	Intergenic	Intergenic	28332	NR_073447	414243	Hs.55047	NR_073447	ENSG00000230417	LINC00595	C10orf101	long intergenic non-protein coding RNA 595	ncRNA
*-65	chr2	65348498	65437551	+	0	NA	intron (NM_181784, intron 1 of 5)	intron (NM_181784, intron 1 of 5)	-26246	NM_001128210	200734	Hs.59332	NM_181784	ENSG00000198369	SPRED2	Spred-2	sprouty related EVH1 domain containing 2	protein-coding
*-14	chr12	107362398	107401701	+	0	NA	intron (NM_001347944, intron 1 of 14)	L2a|LINE|L2	61461	NM_001347944	121551	Hs.271272	NM_152322	ENSG00000151136	BTBD11	ABTB2B	BTB domain containing 11	protein-coding
*-221	chr6	63801048	63820151	+	0	NA	intron (NR_157848, intron 1 of 1)	MIR|SINE|MIR	3763	NR_157848	112935969		NR_157848		SCAT8	EYS-AS1	S-phase cancer associated transcript 8	ncRNA
*-190	chr13	51764098	51797801	+	0	NA	intron (NM_001031719, intron 4 of 7)	intron (NM_001031719, intron 4 of 7)	23213	NM_001270424	79758	Hs.266728	NM_024705	ENSG00000102796	DHRS12	SDR40C1	dehydrogenase/reductase 12	protein-coding
*-241	chr15	37206648	37230501	+	0	NA	Intergenic	Intergenic	-117263	NM_001220482	4212	Hs.510989	NM_002399	ENSG00000134138	MEIS2	CPCMR|HsT18361|MRG1	Meis homeobox 2	protein-coding
*-234	chrX	15443648	15477551	+	0	NA	intron (NM_001018109, intron 3 of 9)	L1MA6|LINE|L1	30710	NR_037859	100532742	Hs.495728	NR_037859		PIR-FIGF	-	PIR-FIGF readthrough	ncRNA
*-115	chr1	15156731	15227451	+	0	NA	intron (NR_135082, intron 1 of 2)	intron (NR_135082, intron 1 of 2)	-20467	NM_001278502	727684	Hs.667584	NM_001278501		C1orf195	-	chromosome 1 open reading frame 195	protein-coding
*-152	chr22	19990198	20011901	+	0	NA	intron (NM_001670, intron 2 of 19)	(CACACA)n|Simple_repeat|Simple_repeat	15774	NM_001670	421	Hs.713616	NM_001670	ENSG00000099889	ARVCF	-	ARVCF delta catenin family member	protein-coding
*-12	chr12	78914798	78958601	+	0	NA	intron (NM_001291901, intron 1 of 9)	MER67C|LTR|ERV1	71925	NM_005639	6857	Hs.310545	NM_005639	ENSG00000067715	SYT1	BAGOS|P65|SVP65|SYT	synaptotagmin 1	protein-coding
*-38	chr5	113018798	113066451	+	0	NA	intron (NM_001085377, intron 17 of 18)	L1MEh|LINE|L1	65826	NM_001242377	167227	Hs.443875	NM_152624	ENSG00000172795	DCP2	NUDT20	decapping mRNA 2	protein-coding
*-136	chr11	8226898	8260877	+	0	NA	intron (NM_001270428, intron 1 of 3)	intron (NM_001270428, intron 1 of 3)	19991	NM_002315	4004	Hs.654426	NM_002315	ENSG00000166407	LMO1	RBTN1|RHOM1|TTG1	LIM domain only 1	protein-coding
*-157	chr22	43284998	43318001	+	0	NA	intron (NM_173050, intron 3 of 21)	L2a|LINE|L2	25557	NR_134582	101927447	Hs.621227	NR_134582	ENSG00000203527	LOC101927447	-	uncharacterized LOC101927447	ncRNA
*-51	chr5	174053798	174101801	+	0	NA	intron (NM_015980, intron 3 of 4)	L2c|LINE|L2	32093	NM_015980	51617	Hs.559412	NM_015980	ENSG00000170091	NSG2	CALY3|HMP19	neuronal vesicle trafficking associated 2	protein-coding
*-73	chr2	197118898	197218351	+	0	NA	intron (NM_153697, intron 2 of 9)	L2b|LINE|L2	-29367	NR_135584	101927596		NR_135584	ENSG00000231621	LOC101927596	-	uncharacterized LOC101927596	ncRNA
*-219	chr6	51569298	51581601	+	0	NA	Intergenic	MLT1J|LTR|ERVL-MaLR	-46421	NR_125840	101927082	Hs.730296	NR_125840		LOC101927082	-	uncharacterized LOC101927082	ncRNA
*-87	chr10	32293398	32335451	+	0	NA	intron (NM_001282391, intron 1 of 13)	intron (NM_001282391, intron 1 of 13)	32734	NM_001272019	80314	Hs.167805	NM_025209	ENSG00000120616	EPC1	Epl1	enhancer of polycomb homolog 1	protein-coding
*-228	chr6	156782730	156849251	+	0	NA	intron (NM_020732, intron 1 of 19)	MER103C|DNA|hAT-Charlie	-36259	NR_039676	100616154		NR_039676	ENSG00000271899	MIR4466	mir-4466	microRNA 4466	ncRNA
*-30	chr8	80657998	80878401	+	0	NA	intron (NM_001033723, intron 2 of 8)	intron (NM_001033723, intron 2 of 8)	106269	NM_001367783	619279	Hs.434957	NM_032651	ENSG00000164684	ZNF704	Gig1	zinc finger protein 704	protein-coding
*-61	chr2	29743998	29820401	+	0	NA	intron (NM_004304, intron 1 of 28)	intron (NM_004304, intron 1 of 28)	139387	NM_004304	238	Hs.654469	NM_004304	ENSG00000171094	ALK	CD246|NBLST3	ALK receptor tyrosine kinase	protein-coding
*-42	chr5	125480148	125490259	+	0	NA	Intergenic	Intergenic	-8058	NR_109887	101927460	Hs.407582	NR_109887	ENSG00000260192	LINC02240	-	long intergenic non-protein coding RNA 2240	ncRNA
*-133	chr1	235546298	235568101	+	0	NA	intron (NM_004485, intron 2 of 2)	intron (NM_004485, intron 2 of 2)	-52747	NM_152490	148789	Hs.498143	NM_152490	ENSG00000162885	B3GALNT2	B3GalNAc-T2|MDDGA11	beta-1,3-N-acetylgalactosaminyltransferase 2	protein-coding
*-169	chr7	133947948	133989851	+	0	NA	intron (NM_021807, intron 14 of 17)	L1PA7|LINE|L1	-144011	NR_120513	101928861	Hs.675747	NR_120513		LOC101928861	-	uncharacterized LOC101928861	ncRNA
*-84	chr16	87337048	87371951	+	0	NA	intron (NM_024735, intron 2 of 8)	intron (NM_024735, intron 2 of 8)	29277	NM_024735	79791	Hs.567582	NM_024735	ENSG00000103264	FBXO31	FBX14|FBXO14|Fbx31|MRT45|pp2386	F-box protein 31	protein-coding
*-23	chr17	57462698	57709201	+	0	NA	intron (NM_001322250, intron 7 of 13)	intron (NM_001322250, intron 7 of 13)	22463	NR_110807	101927539	Hs.680439	NR_110807	ENSG00000263499	LOC101927539	-	uncharacterized LOC101927539	ncRNA
*-124	chr1	66227748	66294151	+	0	NA	intron (NM_001037340, intron 4 of 14)	intron (NM_001037340, intron 4 of 14)	-71159	NM_001037339	5142	Hs.198072	NM_002600	ENSG00000184588	PDE4B	DPDE4|PDEIVB	phosphodiesterase 4B	protein-coding
*-160	chr7	8342298	8379201	+	0	NA	Intergenic	MLT1C|LTR|ERVL-MaLR	-72860	NM_152745	30010	Hs.487564	NM_152745	ENSG00000122584	NXPH1	NPH1|Nbla00697	neurexophilin 1	protein-coding
*-107	chr9	120386148	120423351	+	0	NA	intron (NM_001011649, intron 31 of 36)	intron (NM_001011649, intron 31 of 36)	-159699	NR_029604	406939		NR_029604	ENSG00000207814	MIR147A	MIR147|MIRN147|hsa-mir-147a	microRNA 147a	ncRNA
*-226	chr6	136085248	136128151	+	0	NA	intron (NM_018945, intron 2 of 12)	MIRc|SINE|MIR	-33872	NR_149042	644135	Hs.126980	NR_149042	ENSG00000237596	LOC644135	-	uncharacterized LOC644135	ncRNA
*-102	chr9	28030998	28063801	+	0	NA	intron (NM_152570, intron 5 of 6)	intron (NM_152570, intron 5 of 6)	-473533	NM_001256054	203228	Hs.493639	NM_018325	ENSG00000147894	C9orf72	ALSFTD|DENND9|DENNL72|FTDALS|FTDALS1	C9orf72-SMCR8 complex subunit	protein-coding
*-210	chr20	33826948	33848651	+	0	NA	intron (NM_176812, intron 1 of 4)	intron (NM_176812, intron 1 of 4)	26451	NM_176812	128866	Hs.472471	NM_176812	ENSG00000101421	CHMP4B	C20orf178|CHMP4A|CTPP3|CTRCT31|SNF7|SNF7-2|Shax1|VPS32B|Vps32-2|dJ553F4.4	charged multivesicular body protein 4B	protein-coding
*-187	chr13	35767448	35818451	+	0	NA	intron (NM_001195415, intron 12 of 13)	intron (NM_001195415, intron 12 of 13)	62718	NM_001195416	9201	Hs.507755	NM_004734	ENSG00000133083	DCLK1	CL1|CLICK1|DCAMKL1|DCDC3A|DCLK	doublecortin like kinase 1	protein-coding
*-138	chr11	12498848	12524001	+	0	NA	intron (NM_018222, intron 7 of 12)	intron (NM_018222, intron 7 of 12)	133853	NM_018222	55742	Hs.432914	NM_018222	ENSG00000197702	PARVA	CH-ILKBP|MXRA2	parvin alpha	protein-coding
*-35	chr5	72686948	72698901	+	0	NA	Intergenic	Intergenic	-32255	NR_105007	102477328	Hs.254516	NR_105007	ENSG00000248371	LINC02056	-	long intergenic non-protein coding RNA 2056	ncRNA
*-223	chr6	105305348	105328751	+	0	NA	intron (NM_002726, intron 10 of 14)	AluJr4|SINE|Alu	86033	NM_002726	5550	Hs.436564	NM_002726	ENSG00000085377	PREP	PE|PEP	prolyl endopeptidase	protein-coding
*-199	chr14	100641398	100699601	+	0	NA	intron (NR_024096, intron 1 of 1)	intron (NR_024096, intron 1 of 1)	13231	NR_024096	283601	Hs.379802	NM_001007560	ENSG00000196273	LINC00523	C14orf70	long intergenic non-protein coding RNA 523	ncRNA
*-182	chr3	128382198	128436601	+	0	NA	TTS (NM_021937)	TTS (NM_021937)	-54195	NR_037890	285224	Hs.683815	NR_037890	ENSG00000242049	DNAJB8-AS1	-	DNAJB8 antisense RNA 1	ncRNA
*-50	chr5	168870898	168920251	+	0	NA	intron (NM_003062, intron 4 of 35)	intron (NM_003062, intron 4 of 35)	-117653	NR_109897	728095	Hs.145601	NR_109897		LOC728095	-	uncharacterized LOC728095	ncRNA
*-17	chr12	124391998	124437801	+	0	NA	intron (NM_001077261, intron 15 of 47)	intron (NM_001077261, intron 15 of 47)	-77657	NR_106940	102466204		NR_106940	ENSG00000275967	MIR6880	hsa-mir-6880	microRNA 6880	ncRNA
*-68	chr2	172888648	172907501	+	0	NA	intron (NM_001282899, intron 1 of 27)	intron (NM_001282899, intron 1 of 27)	-30131	NM_001282901	11069	Hs.470646	NM_007023	ENSG00000091428	RAPGEF4	CAMP-GEFII|CGEF2|EPAC|EPAC 2|EPAC2|Nbla00496	Rap guanine nucleotide exchange factor 4	protein-coding
*-243	chr15	74220248	74265251	+	0	NA	intron (NM_025055, intron 1 of 18)	intron (NM_025055, intron 1 of 18)	6423	NM_025055	80125	Hs.383206	NM_025055	ENSG00000140481	CCDC33	CT61|HP11097	coiled-coil domain containing 33	protein-coding
*-105	chr9	95120498	95139001	+	0	NA	intron (NM_001243744, intron 8 of 13)	intron (NM_001243744, intron 8 of 13)	-43655	NR_036109	100422842		NR_036109	ENSG00000207617	MIR3074	mir-3074	microRNA 3074	ncRNA
*-58	chr2	29420548	29457951	+	0	NA	intron (NM_004304, intron 4 of 28)	Charlie29a|DNA|hAT-Charlie	36128	NR_136317	105374389	Hs.196534	NR_136317		LOC105374389	-	uncharacterized LOC105374389	ncRNA
*-131	chr1	213992348	214040501	+	0	NA	intron (NM_001270616, intron 4 of 4)	intron (NM_001270616, intron 4 of 4)	27891	NM_002763	5629	Hs.741808	NM_002763	ENSG00000117707	PROX1	-	prospero homeobox 1	protein-coding
*-82	chr16	75281898	75306801	+	0	NA	intron (NM_006324, intron 6 of 6)	MIRb|SINE|MIR	-26342	NM_001170715	9564	Hs.479747	NM_014567	ENSG00000050820	BCAR1	CAS|CAS1|CASS1|CRKAS|P130Cas	BCAR1 scaffold protein, Cas family member	protein-coding
*-144	chr11	78901898	78963801	+	0	NA	intron (NM_001098816, intron 6 of 33)	MER1B|DNA|hAT-Charlie	-357985	NM_001243251	79731	Hs.503389	NM_024678	ENSG00000137513	NARS2	DFNB94|SLM5|asnRS	asparaginyl-tRNA synthetase 2, mitochondrial	protein-coding
*-209	chr20	33516498	33621551	+	0	NA	intron (NM_001039709, intron 1 of 10)	intron (NM_001039709, intron 1 of 10)	6659	NM_005093	9139	Hs.153934	NM_005093	ENSG00000078699	CBFA2T2	EHT|MTGR1|ZMYND3|p85	CBFA2/RUNX1 partner transcriptional co-repressor 2	protein-coding
*-47	chr5	154453298	154529501	+	0	NA	Intergenic	AluSx1|SINE|Alu	-13172	NM_004821	9421	Hs.152531	NM_004821	ENSG00000113196	HAND1	Hxt|Thing1|bHLHa27|eHand	heart and neural crest derivatives expressed 1	protein-coding
*-60	chr2	29555598	29632601	+	0	NA	intron (NM_004304, intron 3 of 28)	MER20|DNA|hAT-Charlie	-118722	NR_136317	105374389	Hs.196534	NR_136317		LOC105374389	-	uncharacterized LOC105374389	ncRNA
*-31	chr5	16025098	16176787	+	0	NA	intron (NM_001102562, intron 2 of 3)	intron (NM_001102562, intron 2 of 3)	78849	NM_001102562	441061	Hs.662216	NM_001102562	ENSG00000183654	MARCH11	MARCH-XI|RNF226	membrane associated ring-CH-type finger 11	protein-coding
*-185	chr3	141055448	141097251	+	0	NA	intron (NM_080862, intron 2 of 2)	Tigger20a|DNA|TcMar-Tigger	25002	NM_080862	92369	Hs.655112	NM_080862	ENSG00000175093	SPSB4	SSB-4|SSB4	splA/ryanodine receptor domain and SOCS box containing 4	protein-coding
*-246	chr15	85479498	85521201	+	0	NA	intron (NM_007200, intron 2 of 36)	intron (NM_007200, intron 2 of 36)	-119601	NM_001270546	11214	Hs.459211	NM_006738	ENSG00000170776	AKAP13	AKAP-13|AKAP-Lbc|ARHGEF13|BRX|HA-3|Ht31|LBC|PRKA13|PROTO-LB|PROTO-LBC|c-lbc|p47	A-kinase anchoring protein 13	protein-coding
*-121	chr1	53287148	53322101	+	0	NA	intron (NM_004631, intron 2 of 18)	intron (NM_004631, intron 2 of 18)	23446	NM_004631	7804	Hs.280387	NM_004631	ENSG00000157193	LRP8	APOER2|HSZ75190|LRP-8|MCI1	LDL receptor related protein 8	protein-coding
*-159	chr7	7609748	7623951	+	0	NA	Intergenic	L1MB3|LINE|L1	-23903	NM_001302350	729852	Hs.652371	NM_001302348	ENSG00000219545	UMAD1	RPA3-AS1|RPA3OS	UBAP1-MVB12-associated (UMA) domain containing 1	protein-coding
*-83	chr16	85446198	85476101	+	0	NA	Intergenic	Intergenic	-150260	NM_001134473	23199	Hs.461647	NM_014615	ENSG00000131149	GSE1	CRHSP24|KIAA0182	Gse1 coiled-coil protein	protein-coding
*-24	chr17	57739098	57764951	+	0	NA	Intergenic	Intergenic	-6725	NM_001282544	101927581	Hs.540784	NM_001282544	ENSG00000166329	CCDC182	-	coiled-coil domain containing 182	protein-coding
*-39	chr5	113080698	113132201	+	0	NA	intron (NM_001085377, intron 6 of 18)	L2a|LINE|L2	129651	NM_001242377	167227	Hs.443875	NM_152624	ENSG00000172795	DCP2	NUDT20	decapping mRNA 2	protein-coding
*-180	chr3	128217848	128288201	+	0	NA	intron (NM_021937, intron 2 of 6)	intron (NM_021937, intron 2 of 6)	-99110	NM_001319086	8607	Hs.272822	NM_003707	ENSG00000175792	RUVBL1	ECP-54|ECP54|INO80H|NMP 238|NMP238|PONTIN|Pontin52|RVB1|TIH1|TIP49|TIP49A	RuvB like AAA ATPase 1	protein-coding
*-173	chr3	18348798	18406151	+	0	NA	intron (NM_001131010, intron 9 of 10)	intron (NM_001131010, intron 9 of 10)	47865	NM_002971	6304	Hs.517717	NM_002971	ENSG00000182568	SATB1	-	SATB homeobox 1	protein-coding
*-100	chr10	124640798	124718251	+	0	NA	intron (NM_014661, intron 4 of 4)	intron (NM_014661, intron 4 of 4)	-24504	NR_120631	101927944	Hs.437448	NR_120630		FAM53B-AS1	-	FAM53B antisense RNA 1	ncRNA
*-167	chr7	111094004	111110251	+	0	NA	intron (NM_001099658, intron 2 of 2)	intron (NM_001099658, intron 2 of 2)	11000	NM_001099658	54674	Hs.3781	NM_018334	ENSG00000173114	LRRN3	FIGLER5|NLRR-3|NLRR3	leucine rich repeat neuronal 3	protein-coding
*-148	chr11	115198948	115221951	+	0	NA	intron (NM_001301044, intron 7 of 10)	intron (NM_001301044, intron 7 of 10)	-123128	NR_135108	105369509	Hs.736064	NR_135108		LOC105369509	-	uncharacterized LOC105369509	ncRNA
*-212	chr20	38854048	38901201	+	0	NA	intron (NM_015568, intron 2 of 10)	intron (NM_015568, intron 2 of 10)	-48793	NM_030919	81610	Hs.726442	NM_030919	ENSG00000101447	FAM83D	C20orf129|CHICA|dJ616B8.3	family with sequence similarity 83 member D	protein-coding
*-217	chr6	43922648	43969151	+	0	NA	Intergenic	MLT1H1|LTR|ERVL-MaLR	-54686	NR_160955	221416	Hs.531926	NM_153246	ENSG00000181577	C6orf223	-	chromosome 6 open reading frame 223	ncRNA
*-77	chr16	4368698	4396151	+	0	NA	exon (NM_138440, exon 2 of 2).2	exon (NM_138440, exon 2 of 2).2	10576	NM_138440	114990	Hs.372579	NM_138440	ENSG00000168140	VASN	SLITL2	vasorin	protein-coding
*-162	chr7	36850898	36926951	+	0	NA	intron (NM_001206480, intron 17 of 21)	MIRb|SINE|MIR	30508	NR_031604	100302113		NR_031604	ENSG00000221325	MIR1200	MIRN1200|hsa-mir-1200	microRNA 1200	ncRNA
*-176	chr3	57089648	57162351	+	0	NA	intron (NM_001318864, intron 2 of 13)	intron (NM_001318864, intron 2 of 13)	39354	NM_017563	54756	Hs.150725	NM_017563	ENSG00000144730	IL17RD	HH18|IL-17RD|IL17RLM|SEF	interleukin 17 receptor D	protein-coding
*-128	chr1	95378948	95411001	+	0	NA	Intergenic	Intergenic	-42867	NR_146486	101928169		NR_146486		LINC01650	-	long intergenic non-protein coding RNA 1650	ncRNA
*-119	chr1	49044248	49053001	+	0	NA	intron (NM_001323575, intron 4 of 12)	intron (NM_001323575, intron 4 of 12)	-208787	NR_125988	101929721	Hs.639985	NR_125988	ENSG00000230114	LOC101929721	-	uncharacterized LOC101929721	ncRNA
*-3	chr4	52982048	53027101	+	0	NA	intron (NM_152540, intron 5 of 8)	MIR|SINE|MIR	142257	NM_023940	65997	Hs.8035	NM_023940	ENSG00000128045	RASL11B	-	RAS like family 11 member B	protein-coding
*-66	chr2	121579248	121619751	+	0	NA	intron (NM_015282, intron 2 of 38)	AluSx4|SINE|Alu	49963	NM_001142274	23332	Hs.469840	NM_015282	ENSG00000074054	CLASP1	MAST1	cytoplasmic linker associated protein 1	protein-coding
*-233	chrX	15395348	15431351	+	0	NA	intron (NM_001018109, intron 6 of 9)	intron (NM_001018109, intron 6 of 9)	-28936	NM_004469	2277	Hs.11392	NM_004469	ENSG00000165197	VEGFD	FIGF|VEGF-D	vascular endothelial growth factor D	protein-coding
*-22	chr17	57260011	57445251	+	0	NA	intron (NM_001322250, intron 5 of 13)	intron (NM_001322250, intron 5 of 13)	95612	NM_170721	124540	Hs.658922	NM_138962	ENSG00000153944	MSI2	MSI2H	musashi RNA binding protein 2	protein-coding
*-215	chr6	21133348	21159401	+	0	NA	intron (NM_017774, intron 13 of 15)	intron (NM_017774, intron 13 of 15)	365518	NR_103790	100874531	Hs.112750	NR_103790	ENSG00000280989	LINC00581	linc-MBOAT1-4	long intergenic non-protein coding RNA 581	ncRNA
*-134	chr1	242422048	242437601	+	0	NA	intron (NM_001320272, intron 2 of 10)	intron (NM_001320272, intron 2 of 10)	19644	NM_001195812	200150	Hs.672452	NM_152666	ENSG00000180287	PLD5	PLDC	phospholipase D family member 5	protein-coding
*-141	chr11	42954798	42977751	+	0	NA	Intergenic	Intergenic	303095	NR_033868	399881	Hs.446761	NR_033868	ENSG00000251557	HNRNPKP3	-	heterogeneous nuclear ribonucleoprotein K pseudogene 3	pseudo
*-56	chr2	7056648	7074751	+	0	NA	intron (NR_110252, intron 2 of 2)	MER31-int|LTR|ERV1	12181	NR_110252	101929452		NR_110252	ENSG00000223884	LOC101929452	-	uncharacterized LOC101929452	ncRNA
*-165	chr7	88035498	88059201	+	0	NA	intron (NM_001324421, intron 3 of 28)	intron (NM_001324421, intron 3 of 28)	113098	NM_001324419	53616	Hs.256398	NM_004194	ENSG00000008277	ADAM22	ADAM 22|EIEE61|MDC2	ADAM metallopeptidase domain 22	protein-coding
*-97	chr10	109960648	109980151	+	0	NA	intron (NR_038943, intron 2 of 4)	intron (NR_038943, intron 2 of 4)	-25974	NM_001320591	120	Hs.501012	NM_001121	ENSG00000148700	ADD3	ADDL|CPSQ3	adducin 3	protein-coding
*-236	chrX	72072248	72127751	+	0	NA	intron (NM_001013627, intron 1 of 7)	intron (NM_001013627, intron 1 of 7)	31916	NM_001024455	340526	Hs.512180	NM_001024455	ENSG00000242732	RTL5	6430402L03Rik|MAR5|MART5|RGAG4|SIRH8	retrotransposon Gag like 5	protein-coding
*-8	chr4	140857948	140907851	+	0	NA	intron (NM_020724, intron 6 of 6)	L1M4c|LINE|L1	-126514	NM_015130	23158	Hs.480819	NM_015130	ENSG00000109436	TBC1D9	GRAMD9|MDR1	TBC1 domain family member 9	protein-coding
*-98	chr10	110759198	110804701	+	0	NA	intron (NM_001134363, intron 2 of 13)	intron (NM_001134363, intron 2 of 13)	88955	NR_026932	282997	Hs.599931	NR_026932		PDCD4-AS1	-	PDCD4 antisense RNA 1	ncRNA
*-118	chr1	27529148	27573351	+	0	NA	exon (NM_001029882, exon 6 of 7)	exon (NM_001029882, exon 6 of 7)	52245	NM_001029882	27245	Hs.469280	NM_001029882	ENSG00000126705	AHDC1	MRD25	AT-hook DNA binding motif containing 1	protein-coding
*-242	chr15	64610198	64636901	+	0	NA	intron (NM_015042, intron 2 of 8)	intron (NM_015042, intron 2 of 8)	79732	NM_002537	4947	Hs.744924	NM_002537	ENSG00000180304	OAZ2	AZ2	ornithine decarboxylase antizyme 2	protein-coding
*-129	chr1	95635198	95686051	+	0	NA	Intergenic	Intergenic	150508	NR_110621	100996635	Hs.639548	NR_110621	ENSG00000228971	LINC02607	-	long intergenic non-protein coding RNA 2607	ncRNA
*-151	chr11	133927798	133967151	+	0	NA	intron (NM_001277285, intron 1 of 19)	intron (NM_001277285, intron 1 of 19)	9322	NM_001277285	22997	Hs.204121	NM_014987	ENSG00000080854	IGSF9B	-	immunoglobulin superfamily member 9B	protein-coding
*-46	chr5	153765198	153783601	+	0	NA	intron (NR_047578, intron 12 of 13)	intron (NR_047578, intron 12 of 13)	124588	NR_146729	105378238	Hs.590229	NR_146729	ENSG00000251183	LINC01861	-	long intergenic non-protein coding RNA 1861	ncRNA
*	chr4	17488198	17507851	+	0	NA	intron (NM_001306140, intron 3 of 5)	intron (NM_001306140, intron 3 of 5)	14066	NM_000320	5860	Hs.75438	NM_000320	ENSG00000151552	QDPR	DHPR|HDHPR|PKU2|SDR33C1	quinoid dihydropteridine reductase	protein-coding
*-16	chr12	114668698	114690251	+	0	NA	intron (NM_016569, intron 4 of 7)	intron (NM_016569, intron 4 of 7)	4701	NM_016569	6926	Hs.744016	NM_005996	ENSG00000135111	TBX3	TBX3-ISO|UMS|XHL	T-box transcription factor 3	protein-coding
*-194	chr13	109743648	109771851	+	0	NA	intron (NM_003749, intron 1 of 1)	AluSx|SINE|Alu	28834	NM_003749	8660	Hs.442344	NM_003749	ENSG00000185950	IRS2	IRS-2	insulin receptor substrate 2	protein-coding
*-230	chr6	157142598	157197901	+	0	NA	intron (NM_020732, intron 10 of 19)	intron (NM_020732, intron 10 of 19)	133822	NM_001363725	57492	Hs.291587	NM_017519	ENSG00000049618	ARID1B	6A3-5|BAF250B|BRIGHT|CSS1|DAN15|ELD/OSA1|MRD12|OSA2|P250R	AT-rich interaction domain 1B	protein-coding
*-21	chr17	55675898	55708051	+	0	NA	Intergenic	Intergenic	30890	NM_018286	55273	Hs.173233	NM_018286	ENSG00000166292	TMEM100	-	transmembrane protein 100	protein-coding
*-225	chr6	125866798	125887901	+	0	NA	intron (NM_001199621, intron 3 of 14)	intron (NM_001199621, intron 3 of 14)	-41906	NM_001199622	135112	Hs.171426	NM_181782	ENSG00000111912	NCOA7	ERAP140|ESNA1|NCOA7-AS|Nbla00052|Nbla10993|TLDC4|dJ187J11.3	nuclear receptor coactivator 7	protein-coding
*-90	chr10	72315598	72336301	+	0	NA	Intergenic	LTR12C|LTR|ERV1	28970	NM_017626	54788	Hs.500013	NM_017626	ENSG00000148719	DNAJB12	DJ10	DnaJ heat shock protein family (Hsp40) member B12	protein-coding
*-33	chr5	51888598	51921001	+	0	NA	Intergenic	Intergenic	-103232	NR_147166	105378960	Hs.639310	NR_147166	ENSG00000248789	LINC02118	-	long intergenic non-protein coding RNA 2118	ncRNA
*-89	chr10	70820898	70892351	+	0	NA	intron (NM_003901, intron 5 of 14)	intron (NM_003901, intron 5 of 14)	31257	NM_001289797	5092	Hs.3192	NM_000281	ENSG00000166228	PCBD1	DCOH|PCBD|PCD|PHS	pterin-4 alpha-carbinolamine dehydratase 1	protein-coding
*-78	chr16	27700248	27725501	+	0	NA	intron (NM_015202, intron 13 of 27)	AluJr|SINE|Alu	6155	NR_147898	100128079	Hs.610277	NR_147898		LOC100128079	-	uncharacterized LOC100128079	ncRNA
*-111	chr9	133913348	133983501	+	0	NA	intron (NM_001134398, intron 1 of 29)	intron (NM_001134398, intron 1 of 29)	43900	NM_001134398	7410	Hs.369921	NM_003371	ENSG00000160293	VAV2	VAV-2	vav guanine nucleotide exchange factor 2	protein-coding
*-186	chr3	195237948	195259951	+	0	NA	intron (NM_152531, intron 1 of 3)	THE1B|LTR|ERVL-MaLR	-1029	NM_001308069	152002	Hs.478741	NM_152531	ENSG00000173950	XXYLT1	C3orf21	xyloside xylosyltransferase 1	protein-coding
*-103	chr9	34404098	34452301	+	0	NA	intron (NM_001184942, intron 1 of 5)	intron (NM_001184942, intron 1 of 5)	30371	NM_001184943	203259	Hs.493771	NM_147202	ENSG00000164970	FAM219A	C9orf25	family with sequence similarity 219 member A	protein-coding
*-245	chr15	78668948	78709851	+	0	NA	Intergenic	AluSx|SINE|Alu	-48189	NM_001256567	1143	Hs.624178	NM_000750	ENSG00000117971	CHRNB4	-	cholinergic receptor nicotinic beta 4 subunit	protein-coding
*-158	chr7	5619898	5668851	+	0	NA	intron (NM_207111, intron 14 of 16)	L1MB5|LINE|L1	36087	NR_046834	100874342	Hs.665728	NR_046834	ENSG00000237738	RNF216-IT1	-	RNF216 intronic transcript 1	ncRNA
*-170	chr3	4499398	4553151	+	0	NA	intron (NM_001168272, intron 4 of 60)	intron (NM_001168272, intron 4 of 60)	32926	NM_001168272	3708	Hs.567295	NM_002222	ENSG00000150995	ITPR1	ACV|CLA4|INSP3R1|IP3R|IP3R1|PPP1R94|SCA15|SCA16|SCA29	inositol 1,4,5-trisphosphate receptor type 1	protein-coding
*-227	chr6	136485448	136523212	+	0	NA	intron (NM_001198617, intron 1 of 15)	intron (NM_001198617, intron 1 of 15)	21883	NM_001198608	9053	Hs.486548	NM_003980	ENSG00000135525	MAP7	E-MAP-115|EMAP115	microtubule associated protein 7	protein-coding
*-204	chr18	49045948	49077101	+	0	NA	intron (NM_001353210, intron 16 of 16)	intron (NM_001353210, intron 16 of 16)	-11756	NR_039898	100616420		NR_039898	ENSG00000263849	MIR4744	-	microRNA 4744	ncRNA
*-149	chr11	115269648	115306551	+	0	NA	intron (NM_001098517, intron 1 of 8)	L2a|LINE|L2	-45478	NR_135108	105369509	Hs.736064	NR_135108		LOC105369509	-	uncharacterized LOC105369509	ncRNA
*-70	chr2	174986098	175011551	+	0	NA	intron (NR_038133, intron 1 of 11)	intron (NR_038133, intron 1 of 11)	6429	NM_001822	1123	Hs.380138	NM_001822	ENSG00000128656	CHN1	ARHGAP2|CHN|DURS2|NC|RHOGAP2	chimerin 1	protein-coding
*-222	chr6	89965548	89987601	+	0	NA	intron (NM_021813, intron 6 of 8)	intron (NM_021813, intron 6 of 8)	82105	NM_032602	84694	Hs.334499	NM_032602	ENSG00000135355	GJA10	CX62	gap junction protein alpha 10	protein-coding
*-25	chr17	61131198	61162751	+	0	NA	intron (NM_001330413, intron 23 of 25)	AluJb|SINE|Alu	220730	NR_136397	101927855	Hs.662123	NR_136397	ENSG00000267131	LOC101927855	-	uncharacterized LOC101927855	ncRNA
*-183	chr3	133236148	133297151	+	0	NA	intron (NM_001282865, intron 2 of 3)	intron (NM_001282865, intron 2 of 3)	-9528	NR_110812	101927455	Hs.570550	NR_110812	ENSG00000251011	TMEM108-AS1	-	TMEM108 antisense RNA 1	ncRNA
*-106	chr9	117272848	117412038	+	0	NA	intron (NM_014010, intron 1 of 21)	intron (NM_014010, intron 1 of 21)	72614	NM_014010	23245	Hs.601562	NM_014010	ENSG00000148219	ASTN2	bA67K19.1	astrotactin 2	protein-coding
*-57	chr2	25229098	25337851	+	0	NA	intron (NR_135490, intron 3 of 23)	intron (NR_135490, intron 3 of 23)	-31159	NM_153759	1788	Hs.515840	NM_022552	ENSG00000119772	DNMT3A	DNMT3A2|M.HsaIIIA|TBRS	DNA methyltransferase 3 alpha	protein-coding
*-237	chrX	118211548	118251901	+	0	NA	Intergenic	L1PREC2|LINE|L1	-114349	NM_001184966	54521	Hs.98510	NM_019045	ENSG00000131725	WDR44	RAB11BP|RPH11|SYM-4	WD repeat domain 44	protein-coding
*-10	chr4	173921798	173946051	+	0	NA	Intergenic	Intergenic	36651	NR_146487	101928478		NR_146487	ENSG00000250708	LINC02269	-	long intergenic non-protein coding RNA 2269	ncRNA
*-2	chr4	38667627	38700401	+	0	NA	intron (NM_016531, intron 2 of 5)	intron (NM_016531, intron 2 of 5)	-19386	NR_026804	79667	Hs.29725	NM_024614	ENSG00000231160	KLF3-AS1	-	KLF3 antisense RNA 1	ncRNA
*-48	chr5	160245198	160274001	+	0	NA	exon (NM_001308173, exon 4 of 6)	exon (NM_001308173, exon 4 of 6)	30093	NM_001445	2172	Hs.519719	NM_001445	ENSG00000170231	FABP6	I-15P|I-BABP|I-BALB|I-BAP|ILBP|ILBP3|ILLBP	fatty acid binding protein 6	protein-coding
*-96	chr10	103696048	103852405	+	0	NA	intron (NM_014631, intron 2 of 13)	L1M4a1|LINE|L1	27447	NR_038940	100505839	Hs.655149	NR_038940	ENSG00000280693	SH3PXD2A-AS1	-	SH3PXD2A antisense RNA 1	ncRNA
*-232	chr21	28254848	28285051	+	0	NA	Intergenic	THE1B|LTR|ERVL-MaLR	-41282	NR_126012	101927973	Hs.570414	NR_126012	ENSG00000236532	LINC01695	-	long intergenic non-protein coding RNA 1695	ncRNA
*-175	chr3	50368332	50442401	+	0	NA	intron (NM_001291101, intron 3 of 37)	intron (NM_001291101, intron 3 of 37)	40003	NR_111914	11068	Hs.149443	NM_007022	ENSG00000114395	CYB561D2	101F6|TSP10|XXcos-LUCA11.4	cytochrome b561 family member D2	protein-coding
*-154	chr22	25653098	25729251	+	0	NA	intron (NM_001362778, intron 11 of 19)	intron (NM_001362778, intron 11 of 19)	-51014	NM_001318245	84700	Hs.417959	NM_032608	ENSG00000133454	MYO18B	KFS4	myosin XVIIIB	protein-coding
*-18	chr17	13399548	13443401	+	0	NA	Intergenic	L2b|LINE|L2	-114714	NR_146885	105371541		NR_146885	ENSG00000234634	LINC02093	-	long intergenic non-protein coding RNA 2093	ncRNA
*-240	chr15	32089098	32135901	+	0	NA	intron (NM_001190455, intron 4 of 9).4	intron (NM_001190455, intron 4 of 9).4	81984	NM_001190455	1139	Hs.511772	NM_000746	ENSG00000175344	CHRNA7	CHRNA7-2|NACHRA7	cholinergic receptor nicotinic alpha 7 subunit	protein-coding
*-191	chr13	91142998	91168801	+	0	NA	intron (NR_047004, intron 2 of 3)	intron (NR_047004, intron 2 of 3)	55799	NR_047004	100874150	Hs.711947	NR_047004		LINC00379	-	long intergenic non-protein coding RNA 379	ncRNA
*-32	chr5	36155041	36175451	+	0	NA	intron (NM_032637, intron 3 of 9)	MIR|SINE|MIR	13135	NM_032637	6502	Hs.23348	NM_005983	ENSG00000145604	SKP2	FBL1|FBXL1|FLB1|p45	S-phase kinase associated protein 2	protein-coding
*-208	chr20	25522348	25582201	+	0	NA	intron (NM_025176, intron 1 of 23)	FLAM_A|SINE|Alu	33257	NM_001318226	22981	Hs.631508	NM_025176	ENSG00000101004	NINL	NLP	ninein like	protein-coding
*-40	chr5	124633448	124680151	+	0	NA	intron (NM_020747, intron 2 of 8)	intron (NM_020747, intron 2 of 8)	88313	NM_020747	57507	Hs.266616	NM_020747	ENSG00000168916	ZNF608	NY-REN-36	zinc finger protein 608	protein-coding
*-67	chr2	148951848	148986901	+	0	NA	intron (NM_004522, intron 11 of 25)	intron (NM_004522, intron 11 of 25)	21499	NR_111932	3800	Hs.435557	NM_004522	ENSG00000168280	KIF5C	CDCBM2|KINN|NKHC|NKHC-2|NKHC2	kinesin family member 5C	protein-coding
*-81	chr16	72790848	72862751	+	0	NA	intron (NM_001164766, intron 4 of 8)	intron (NM_001164766, intron 4 of 8)	-161829	NR_159371	101927957	Hs.637253	NR_126330	ENSG00000261008	LINC01572	-	long intergenic non-protein coding RNA 1572	ncRNA
*-34	chr5	68237948	68266951	+	0	NA	intron (NM_181523, intron 2 of 15)	intron (NM_181523, intron 2 of 15)	-36070	NM_181524	5295	Hs.132225	NM_181504	ENSG00000145675	PIK3R1	AGM7|GRB1|IMD36|p85|p85-ALPHA	phosphoinositide-3-kinase regulatory subunit 1	protein-coding
*-29	chr8	29879648	29906901	+	0	NA	Intergenic	Intergenic	-28239	NR_024473	286135	Hs.376840	NR_024473	ENSG00000253279	LINC02209	FAM183CP	long intergenic non-protein coding RNA 2209	ncRNA
*-220	chr6	51951698	51994501	+	0	NA	intron (NM_138694, intron 35 of 66)	intron (NM_138694, intron 35 of 66)	114514	NM_170724	5314	Hs.662050	NM_138694	ENSG00000170927	PKHD1	ARPKD|FCYT|FPC|PKD4|TIGM1	PKHD1 ciliary IPT domain containing fibrocystin/polyductin	protein-coding
*-177	chr3	84966898	85007951	+	0	NA	intron (NM_001167674, intron 1 of 9)	intron (NM_001167674, intron 1 of 9)	28435	NM_001167675	253559	Hs.164578	NM_153184	ENSG00000175161	CADM2	IGSF4D|NECL3|Necl-3|SynCAM 2|synCAM2	cell adhesion molecule 2	protein-coding
*-216	chr6	40405748	40445951	+	0	NA	intron (NM_020737, intron 2 of 2)	Tigger19a|DNA|TcMar-Tigger	47512	NR_160959	732253	Hs.180197	NM_001359094		TDRG1	LINC00532|lincRNA-NR_024015	testis development related 1	ncRNA
*-166	chr7	96667998	96677701	+	0	NA	intron (NR_163952, intron 2 of 6)	MIR|SINE|MIR	-8511	NR_038948	7979	Hs.489201	NM_006304	ENSG00000127922	SEM1	C7orf76|DSS1|ECD|SHFD1|SHFM1|SHSF1|Shfdg1	SEM1 26S proteasome complex subunit	protein-coding
*-172	chr3	18099748	18144051	+	0	NA	intron (NR_161333, intron 4 of 4)	intron (NR_161333, intron 4 of 4)	159347	NR_161333	339862	Hs.652981	NR_046199		LOC339862	-	uncharacterized LOC339862	ncRNA
*-235	chrX	72029198	72049451	+	0	NA	intron (NM_001013627, intron 1 of 7)	L1ME3C|LINE|L1	-5085	NR_002309	441502	Hs.449523	NR_002309		RPS26P11	RPS26L1|RPS26_22_1784|bA366E13.1	ribosomal protein S26 pseudogene 11	pseudo
*-76	chr2	239261598	239289451	+	0	NA	intron (NM_006037, intron 2 of 26)	intron (NM_006037, intron 2 of 26)	-29938	NR_036229	100423043		NR_036229	ENSG00000265215	MIR4269	-	microRNA 4269	ncRNA
*-114	chr1	7609848	7644451	+	0	NA	intron (NM_001349608, intron 5 of 21)	intron (NM_001349608, intron 5 of 21)	-42581	NM_001349614	23261	Hs.397705	NM_015215	ENSG00000171735	CAMTA1	CANPMR	calmodulin binding transcription activator 1	protein-coding
*-198	chr14	92984198	93070901	+	0	NA	intron (NM_001142594, intron 3 of 10).2	MIR|SINE|MIR	9425	NM_001363707	3705	Hs.308122	NM_014216	ENSG00000100605	ITPK1	ITRPK1	inositol-tetrakisphosphate 1-kinase	protein-coding
*-201	chr14	104143898	104190151	+	0	NA	exon (NM_015656, exon 5 of 15)	exon (NM_015656, exon 5 of 15)	28301	NM_015656	26153	Hs.134970	NM_015656	ENSG00000066735	KIF26A	-	kinesin family member 26A	protein-coding
*-213	chr20	57655148	57701901	+	0	NA	intron (NM_199171, intron 1 of 3)	intron (NM_199171, intron 1 of 3)	12162	NM_001255976	56937	Hs.517155	NM_020182	ENSG00000124225	PMEPA1	STAG1|TMEPAI	prostate transmembrane protein, androgen induced 1	protein-coding
*-85	chr10	8044398	8079751	+	0	NA	intron (NM_002051, intron 3 of 5)	intron (NM_002051, intron 3 of 5)	7386	NM_002051	2625	Hs.524134	NM_002051	ENSG00000107485	GATA3	HDR|HDRS	GATA binding protein 3	protein-coding
*-163	chr7	50466848	50558070	+	0	NA	intron (NM_001242889, intron 4 of 12)	L1MC2|LINE|L1	-19300	NR_033845	100129427	Hs.680434	NR_033845	ENSG00000226122	DDC-AS1	-	DDC antisense RNA 1	ncRNA
*-139	chr11	19702948	19743201	+	0	NA	intron (NM_182964, intron 1 of 37)	intron (NM_182964, intron 1 of 37)	-8402	NR_015384	100126784	Hs.64341	NR_015384		LOC100126784	-	uncharacterized LOC100126784	ncRNA
