PeakID (cmd=annotatePeaks.pl ../temp_results/BEDs/CLB_SKN_AM_chr.bed hg38)	Chr	Start	End	Strand	Peak Score	Focus Ratio/Region Size	Annotation	Detailed Annotation	Distance to TSS	Nearest PromoterID	Entrez ID	Nearest Unigene	Nearest Refseq	Nearest Ensembl	Gene Name	Gene Alias	Gene Description	Gene Type
*-139	chr21	31123498	31187551	+	0	NA	intron (NM_001353690, intron 16 of 27)	AluY|SINE|Alu	5416	NM_001353684	7074	Hs.517228	NM_003253	ENSG00000156299	TIAM1	TIAM-1	T cell lymphoma invasion and metastasis 1	protein-coding
*-10	chr4	140924198	140953651	+	0	NA	intron (NM_020724, intron 4 of 6)	intron (NM_020724, intron 4 of 6)	-182539	NM_015130	23158	Hs.480819	NM_015130	ENSG00000109436	TBC1D9	GRAMD9|MDR1	TBC1 domain family member 9	protein-coding
*-113	chr3	29678598	29698851	+	0	NA	intron (NM_001003792, intron 4 of 13)	AluSg|SINE|Alu	245432	NR_046556	100873977	Hs.581453	NR_046556	ENSG00000235593	RBMS3-AS1	-	RBMS3 antisense RNA 1	ncRNA
*-123	chr14	76900798	76962801	+	0	NA	Intergenic	AluJr|SINE|Alu	-27839	NR_133913	105370578	Hs.574184	NR_133913	ENSG00000258602	LINC01629	linc-KIAA1737-2	long intergenic non-protein coding RNA 1629	ncRNA
*-4	chr4	76180548	76210898	+	0	NA	exon (NM_005506, exon 2 of 12)	exon (NM_005506, exon 2 of 12)	18101	NM_005506	950	Hs.349656	NM_005506	ENSG00000138760	SCARB2	AMRF|CD36L2|EPM4|HLGP85|LGP85|LIMP-2|LIMPII|SR-BII	scavenger receptor class B member 2	protein-coding
*-85	chr1	94891998	95004201	+	0	NA	intron (NR_033998, intron 2 of 3)	AluSx|SINE|Alu	20071	NR_033998	729970	Hs.297988	NR_033998	ENSG00000235501	LOC729970	-	hCG2028352-like	ncRNA
*-42	chr2	43298548	43356701	+	0	NA	intron (NR_144316, intron 29 of 36)	FLAM_C|SINE|Alu	100413	NR_027251	100129726	Hs.194480	NM_178529	ENSG00000279873	LINC01126	-	long intergenic non-protein coding RNA 1126	ncRNA
*-32	chr5	113160698	113249801	+	0	NA	intron (NM_001085377, intron 3 of 18)	MIRc|SINE|MIR	89689	NM_002387	4163	Hs.593171	NM_002387	ENSG00000171444	MCC	MCC1	MCC regulator of WNT signaling pathway	protein-coding
*-3	chr4	41855548	41886151	+	0	NA	Intergenic	Intergenic	11762	NR_104143	101927074	Hs.611425	NR_104143	ENSG00000245870	LINC00682	-	long intergenic non-protein coding RNA 682	ncRNA
*-31	chr5	81835048	81858751	+	0	NA	Intergenic	Intergenic	-95646	NM_001256734	23635	Hs.102735	NM_012446	ENSG00000145687	SSBP2	HSPC116|SOSS-B2	single stranded DNA binding protein 2	protein-coding
*-136	chr6	111539848	111602950	+	0	NA	intron (NM_147686, intron 5 of 8)	AluSx|SINE|Alu	-4120	NM_001164283	10758	Hs.561514	NM_147200	ENSG00000056972	TRAF3IP2	ACT1|C6orf2|C6orf4|C6orf5|C6orf6|CANDF8|CIKS|PSORS13	TRAF3 interacting protein 2	protein-coding
*-41	chr2	37551248	37712201	+	0	NA	Intergenic	Intergenic	40475	NM_001270437	10602	Hs.369574	NM_006449	ENSG00000163171	CDC42EP3	BORG2|CEP3|UB1	CDC42 effector protein 3	protein-coding
*-83	chr1	54244748	54379801	+	0	NA	intron (NM_001009955, intron 4 of 16)	AluJr4|SINE|Alu	75831	NR_103541	619518	Hs.591438	NM_001034847	ENSG00000198711	SSBP3-AS1	C1orf191|MST128|MSTP128	SSBP3 antisense RNA 1	ncRNA
*-70	chr10	89261148	89296451	+	0	NA	Intergenic	Intergenic	-23247	NM_001547	3433	Hs.437609	NM_001547	ENSG00000119922	IFIT2	G10P2|GARG-39|IFI-54|IFI-54K|IFI54|IFIT-2|ISG-54 K|ISG-54K|ISG54|P54|cig42	interferon induced protein with tetratricopeptide repeats 2	protein-coding
*-60	chr16	72911048	73072001	+	0	NA	intron (NM_006885, intron 1 of 9)	MIRb|SINE|MIR	56604	NM_006885	463	Hs.598297	NM_006885	ENSG00000140836	ZFHX3	ATBF1|ATBT|ZNF927	zinc finger homeobox 3	protein-coding
*-37	chr5	168649648	168859851	+	0	NA	intron (NM_003062, intron 16 of 35)	L1MA4|LINE|L1	13506	NR_029632	407001		NR_029632	ENSG00000207739	MIR218-2	MIRN218-2|mir-218-2	microRNA 218-2	ncRNA
*-84	chr1	66445248	66506951	+	0	NA	Intergenic	LTR33A|LTR|ERVL	-57494	NM_001308203	84251	Hs.132121	NM_032291	ENSG00000118473	SGIP1	-	SH3 domain GRB2 like endophilin interacting protein 1	protein-coding
*-47	chr2	134257398	134377001	+	0	NA	intron (NM_001371457, intron 3 of 16)	MLT1M|LTR|ERVL-MaLR	63127	NM_002410	4249	Hs.4988	NM_002410	ENSG00000152127	MGAT5	GNT-V|GNT-VA|MGAT5A	alpha-1,6-mannosylglycoprotein 6-beta-N-acetylglucosaminyltransferase	protein-coding
*-46	chr2	101735098	101835851	+	0	NA	intron (NM_145686, intron 2 of 30)	intron (NM_145686, intron 2 of 30)	87767	NM_145687	9448	Hs.701013	NM_004834	ENSG00000071054	MAP4K4	FLH21957|HEL-S-31|HGK|MEKKK4|NIK	mitogen-activated protein kinase kinase kinase kinase 4	protein-coding
*-36	chr5	164562198	164584351	+	0	NA	Intergenic	Intergenic	102995	NR_105065	102546299	Hs.437730	NR_105065	ENSG00000241956	LOC102546299	-	uncharacterized LOC102546299	ncRNA
*-69	chr10	79072248	79318601	+	0	NA	intron (NM_020338, intron 4 of 24)	intron (NM_020338, intron 4 of 24)	126458	NM_020338	57178	Hs.193118	NM_020338	ENSG00000108175	ZMIZ1	MIZ|RAI17|TRAFIP10|ZIMP10	zinc finger MIZ-type containing 1	protein-coding
*-48	chr2	159029048	159161001	+	0	NA	intron (NM_001350065, intron 4 of 27)	AluSx3|SINE|Alu	-91811	NR_106948	102465535		NR_106948	ENSG00000275141	MIR6888	hsa-mir-6888	microRNA 6888	ncRNA
*-38	chr2	1682198	1739801	+	0	NA	intron (NM_012293, intron 1 of 22)	intron (NM_012293, intron 1 of 22)	33516	NM_012293	7837	Hs.332197	NM_012293	ENSG00000130508	PXDN	ASGD7|COPOA|D2S448|D2S448E|MG50|PRG2|PXN|VPO	peroxidasin	protein-coding
*-79	chr1	19390498	19480901	+	0	NA	intron (NM_001206540, intron 1 of 9)	MIRb|SINE|MIR	48596	NM_001282162	832	Hs.432760	NM_004930	ENSG00000077549	CAPZB	CAPB|CAPPB|CAPZ	capping actin protein of muscle Z-line subunit beta	protein-coding
*-135	chr6	108642398	108685801	+	0	NA	exon (NM_001455, exon 2 of 3)	exon (NM_001455, exon 2 of 3)	-87555	NR_033376	387111	Hs.520310	NR_033376	ENSG00000203801	LINC00222	C6orf181|NCRNA00222|dJ354J5.2	long intergenic non-protein coding RNA 222	ncRNA
*-121	chr13	35465748	35557901	+	0	NA	intron (NM_001204197, intron 1 of 17)	intron (NM_001204197, intron 1 of 17)	35075	NM_001204197	26960	Hs.491172	NM_015678	ENSG00000172915	NBEA	BCL8B|LYST2	neurobeachin	protein-coding
*-111	chr3	29363948	29500051	+	0	NA	intron (NM_001003792, intron 1 of 13)	AluJb|SINE|Alu	150687	NM_001330696	27303	Hs.221436	NM_014483	ENSG00000144642	RBMS3	-	RNA binding motif single stranded interacting protein 3	protein-coding
*-114	chr3	42014398	42081601	+	0	NA	Intergenic	L1ME3A|LINE|L1	-39201	NM_001349245	22906	Hs.535711	NM_014965	ENSG00000182606	TRAK1	EIEE68|MILT1|OIP106	trafficking kinesin protein 1	protein-coding
*-120	chr3	177809398	177836951	+	0	NA	intron (NR_110826, intron 1 of 2)	intron (NR_110826, intron 1 of 2)	6309	NR_110826	102724550	Hs.570526	NR_110826	ENSG00000231574	LINC02015	KCCAT211	long intergenic non-protein coding RNA 2015	ncRNA
*-107	chr7	133835198	133864901	+	0	NA	intron (NM_021807, intron 11 of 17)	intron (NM_021807, intron 11 of 17)	-25161	NR_120513	101928861	Hs.675747	NR_120513		LOC101928861	-	uncharacterized LOC101928861	ncRNA
*-124	chr14	88817148	88877401	+	0	NA	intron (NR_159362, intron 7 of 14)	intron (NR_159362, intron 7 of 14)	22623	NR_159362	123016	Hs.303055	NM_144596	ENSG00000165533	TTC8	BBS8|RP51	tetratricopeptide repeat domain 8	protein-coding
*-110	chr3	29284310	29355101	+	0	NA	intron (NM_001003792, intron 1 of 13)	MIRb|SINE|MIR	38393	NM_001330696	27303	Hs.221436	NM_014483	ENSG00000144642	RBMS3	-	RNA binding motif single stranded interacting protein 3	protein-coding
*-19	chr17	17684471	17792001	+	0	NA	intron (NM_030665, intron 2 of 5)	intron (NM_030665, intron 2 of 5)	28066	NR_130894	100861516	Hs.624874	NR_130894	ENSG00000237328	RAI1-AS1	-	RAI1 antisense RNA 1	ncRNA
*-94	chr11	72291848	72376501	+	0	NA	intron (NM_030813, intron 6 of 16)	intron (NM_030813, intron 6 of 16)	-89998	NM_005169	401	Hs.731115	NM_005169	ENSG00000165462	PHOX2A	ARIX|CFEOM2|FEOM2|NCAM2|PMX2A	paired like homeobox 2A	protein-coding
*-93	chr11	44725898	44815201	+	0	NA	intron (NM_130783, intron 2 of 9)	L2a|LINE|L2	43587	NM_130783	90139	Hs.385634	NM_130783	ENSG00000157570	TSPAN18	TSPAN	tetraspanin 18	protein-coding
*-95	chr11	73311698	73344051	+	0	NA	intron (NM_014786, intron 1 of 20)	MIR|SINE|MIR	-18513	NR_147696	100287837	Hs.573929	NR_147696	ENSG00000257038	LOC100287837	-	uncharacterized LOC100287837	ncRNA
*-80	chr1	23549948	23598601	+	0	NA	Intergenic	L1ME4b|LINE|L1	-14773	NM_002167	3399	Hs.76884	NM_002167	ENSG00000117318	ID3	HEIR-1|bHLHb25	inhibitor of DNA binding 3, HLH protein	protein-coding
*-73	chr9	94861648	94886751	+	0	NA	intron (NM_032823, intron 5 of 14)	intron (NM_032823, intron 5 of 14)	64237	NR_031755	100313780		NR_031755	ENSG00000252153	MIR2278	mir-2278	microRNA 2278	ncRNA
*-64	chr10	9212648	9245001	+	0	NA	intron (NR_120635, intron 4 of 4)	intron (NR_120635, intron 4 of 4)	-46789	NR_108039	100507163	Hs.649223	NR_108039		LINC00709	-	long intergenic non-protein coding RNA 709	ncRNA
*-74	chr9	94899698	95104701	+	0	NA	intron (NM_032823, intron 9 of 14)	intron (NM_032823, intron 9 of 14)	-56645	NR_147613	101928119	Hs.630906	NR_147613		LOC101928119	-	uncharacterized LOC101928119	ncRNA
*-63	chr16	87420648	87487201	+	0	NA	intron (NM_015144, intron 2 of 12)	L1MEf|LINE|L1	37930	NM_015144	23174	Hs.156231	NM_015144	ENSG00000140948	ZCCHC14	BDG-29|BDG29	zinc finger CCHC-type containing 14	protein-coding
*-75	chr9	97504637	97573851	+	0	NA	intron (NM_001166116, intron 2 of 9)	intron (NM_001166116, intron 2 of 9)	37578	NM_003275	7111	Hs.404289	NM_003275	ENSG00000136842	TMOD1	D9S57E|ETMOD|TMOD	tropomodulin 1	protein-coding
*-65	chr10	58636898	58667451	+	0	NA	intron (NM_001080512, intron 2 of 20)	intron (NM_001080512, intron 2 of 20)	-62841	NR_027508	728640	Hs.729209	NR_027508		FAM133CP	-	family with sequence similarity 133, member A pseudogene	pseudo
*-106	chr7	133738298	133821051	+	0	NA	intron (NM_021807, intron 10 of 17)	LTR12|LTR|ERV1	45214	NR_120513	101928861	Hs.675747	NR_120513		LOC101928861	-	uncharacterized LOC101928861	ncRNA
*-28	chr5	51371098	51416201	+	0	NA	3' UTR (NM_002202, exon 6 of 6)	3' UTR (NM_002202, exon 6 of 6)	10201	NM_002202	3670	Hs.505	NM_002202	ENSG00000016082	ISL1	ISLET1|Isl-1	ISL LIM homeobox 1	protein-coding
*-112	chr3	29511798	29665551	+	0	NA	intron (NM_001003792, intron 4 of 13)	intron (NM_001003792, intron 4 of 13)	307362	NM_001330696	27303	Hs.221436	NM_014483	ENSG00000144642	RBMS3	-	RNA binding motif single stranded interacting protein 3	protein-coding
*-58	chr16	49492748	49674451	+	0	NA	intron (NM_001271620, intron 5 of 7)	(AT)n|Simple_repeat|Simple_repeat	-65014	NR_144553	1596	Hs.684517	NR_144553	ENSG00000260089	ADAM3B	CYRN2	ADAM metallopeptidase domain 3B (pseudogene)	pseudo
*-109	chr3	11539198	11640976	+	0	NA	intron (NM_001128219, intron 2 of 4)	MER103C|DNA|hAT-Charlie	-7731	NM_001128220	9686	Hs.740389	NM_014667	ENSG00000144560	VGLL4	VGL-4	vestigial like family member 4	protein-coding
*-122	chr14	68894348	68976365	+	0	NA	intron (NM_001102, intron 1 of 20)	intron (NM_001102, intron 1 of 20)	43946	NM_001102	87	Hs.235750	NM_001102	ENSG00000072110	ACTN1	BDPLT15	actinin alpha 1	protein-coding
*-15	chr12	12494898	12539601	+	0	NA	intron (NM_030640, intron 3 of 6).2	intron (NM_030640, intron 3 of 6).2	45614	NM_030640	80824	Hs.536535	NM_030640	ENSG00000111266	DUSP16	MKP-7|MKP7	dual specificity phosphatase 16	protein-coding
*-99	chr11	123081748	123214551	+	0	NA	intron (NM_024769, intron 1 of 6)	MIR|SINE|MIR	47099	NM_024769	79827	Hs.591949	NM_024769	ENSG00000166250	CLMP	ACAM|ASAM|CSBM|CSBS	CXADR like membrane protein	protein-coding
*-14	chr4	174192248	174229651	+	0	NA	intron (NR_125896, intron 1 of 4)	intron (NR_125896, intron 1 of 4)	9449	NR_125896	101928509	Hs.147719	NR_125896	ENSG00000248174	LINC02268	-	long intergenic non-protein coding RNA 2268	ncRNA
*-13	chr4	174109648	174172201	+	0	NA	intron (NR_125896, intron 1 of 4)	intron (NR_125896, intron 1 of 4)	79474	NR_125896	101928509	Hs.147719	NR_125896	ENSG00000248174	LINC02268	-	long intergenic non-protein coding RNA 2268	ncRNA
*-137	chr6	125784159	125850851	+	0	NA	intron (NM_001199621, intron 2 of 14)	L1MD2|LINE|L1	1353	NR_126386	104355145	Hs.590370	NR_126386	ENSG00000232131	NCOA7-AS1	-	NCOA7 antisense RNA 1	ncRNA
*-57	chr16	21603648	21643451	+	0	NA	intron (NM_001077180, intron 3 of 4).2	intron (NM_001077180, intron 3 of 4).2	23972	NM_016025	51108	Hs.279583	NM_016025	ENSG00000197006	METTL9	CGI-81|DREV|DREV1|PAP1	methyltransferase like 9	protein-coding
*-52	chr2	207065248	207163015	+	0	NA	intron (NR_073108, intron 3 of 4)	intron (NR_073108, intron 3 of 4)	-4058	NR_036227	100423036		NR_036227	ENSG00000253008	MIR2355	mir-2355	microRNA 2355	ncRNA
*-5	chr4	95349748	95485351	+	0	NA	intron (NM_003728, intron 1 of 15)	intron (NM_003728, intron 1 of 15)	131424	NM_003728	8633	Hs.388565	NM_003728	ENSG00000182168	UNC5C	UNC5H3	unc-5 netrin receptor C	protein-coding
*-51	chr2	197043948	197116351	+	0	NA	intron (NM_001367496, intron 15 of 27)	intron (NM_001367496, intron 15 of 27)	-117842	NR_135584	101927596		NR_135584	ENSG00000231621	LOC101927596	-	uncharacterized LOC101927596	ncRNA
*	chr4	7771548	7935999	+	0	NA	intron (NM_198595, intron 4 of 16)	intron (NM_198595, intron 4 of 16)	18535	NM_001371090								
*-56	chr16	15982948	16025751	+	0	NA	intron (NM_004996, intron 1 of 30)	intron (NM_004996, intron 1 of 30)	54733	NM_004996	4363	Hs.391464	NM_004996	ENSG00000103222	ABCC1	ABC29|ABCC|GS-X|MRP|MRP1	ATP binding cassette subfamily C member 1	protein-coding
*-128	chr18	48818898	48873401	+	0	NA	intron (NM_014772, intron 10 of 11)	L2c|LINE|L2	96658	NM_001190823	4092	Hs.465087	NM_005904	ENSG00000101665	SMAD7	CRCS3|MADH7|MADH8	SMAD family member 7	protein-coding
*-90	chr11	12677420	12703501	+	0	NA	intron (NM_021961, intron 2 of 12)	L1MC5|LINE|L1	16039	NM_021961	7003	Hs.655331	NM_021961	ENSG00000187079	TEAD1	AA|NTEF-1|REF1|TCF-13|TCF13|TEAD-1|TEF-1	TEA domain transcription factor 1	protein-coding
*-118	chr3	159823398	159903151	+	0	NA	intron (NM_001197109, intron 1 of 6)	AluSc|SINE|Alu	23413	NM_001197109	29970	Hs.134665	NM_014575	ENSG00000151967	SCHIP1	SCHIP-1	schwannomin interacting protein 1	protein-coding
*-89	chr1	234522898	234574901	+	0	NA	Intergenic	L2c|LINE|L2	-17120	NR_038426	100506795	Hs.448989	NR_038426	ENSG00000231768	LINC01354	-	long intergenic non-protein coding RNA 1354	ncRNA
*-26	chr8	29736148	29819951	+	0	NA	intron (NR_125815, intron 1 of 3)	intron (NR_125815, intron 1 of 3)	29740	NR_125815	101929450	Hs.512440	NR_125814	ENSG00000253490	LINC02099	-	long intergenic non-protein coding RNA 2099	ncRNA
*-22	chr17	78860398	78937101	+	0	NA	intron (NM_001243541, intron 2 of 2)	AluSz|SINE|Alu	4452	NM_001243540	100653515	Hs.734636	NM_001243540	ENSG00000178404	CEP295NL	DDC8|KIAA1731NL	CEP295 N-terminal like	protein-coding
*-2	chr4	15005672	15043751	+	0	NA	intron (NR_125911, intron 2 of 5)	HAL1|LINE|L1	22230	NM_001177384	132864	Hs.656937	NM_182485	ENSG00000137449	CPEB2	CPE-BP2|CPEB-2|hCPEB-2	cytoplasmic polyadenylation element binding protein 2	protein-coding
*-21	chr17	47979598	48016901	+	0	NA	Intergenic	MIRb|SINE|MIR	27136	NM_001278198	80279	Hs.20157	NM_025197	ENSG00000108465	CDK5RAP3	C53|HSF-27|IC53|LZAP|MST016|OK/SW-cl.114|PP1553	CDK5 regulatory subunit associated protein 3	protein-coding
*-105	chr7	92722148	92830916	+	0	NA	intron (NM_001259, intron 2 of 7)	L1PA7|LINE|L1	57427	NM_001259	1021	Hs.119882	NM_001259	ENSG00000105810	CDK6	MCPH12|PLSTIRE	cyclin dependent kinase 6	protein-coding
*-27	chr5	14386648	14503301	+	0	NA	intron (NM_007118, intron 34 of 56)	intron (NM_007118, intron 34 of 56)	-19009	NR_145815	109623458		NR_145815		SNORD170	-	small nucleolar RNA, C/D box 170	snoRNA
*-96	chr11	78392848	78446601	+	0	NA	Intergenic	Intergenic	-1904	NM_080491	9846	Hs.429434	NM_012296	ENSG00000033327	GAB2	-	GRB2 associated binding protein 2	protein-coding
*-130	chr20	32419698	32528651	+	0	NA	intron (NM_001351680, intron 2 of 8)	intron (NM_001351680, intron 2 of 8)	9316	NM_001351680	140688	Hs.516978	NM_080616	ENSG00000197183	NOL4L	C20orf112|C20orf113	nucleolar protein 4 like	protein-coding
*-134	chr6	83578398	83624801	+	0	NA	exon (NM_001256717, exon 17 of 30)	exon (NM_001256717, exon 17 of 30)	89065	NM_001170423	167681	Hs.98381	NM_153362	ENSG00000146250	PRSS35	C6orf158|dJ223E3.1	serine protease 35	protein-coding
*-140	chr15	36896898	36962401	+	0	NA	intron (NR_051953, intron 8 of 11)	L2b|LINE|L2	-43116	NR_024264	145845	Hs.302693	NM_001101327		LOC145845	-	uncharacterized LOC145845	ncRNA
*-50	chr2	188400098	188541551	+	0	NA	intron (NM_016315, intron 2 of 11)	L1M1|LINE|L1	173332	NR_030287	693146		NR_030287	ENSG00000207951	MIR561	MIRN561|hsa-mir-561|mir-561	microRNA 561	ncRNA
*-131	chr6	21969998	22008951	+	0	NA	intron (NR_015410, intron 6 of 11)	AluSz|SINE|Alu	157719	NR_034143	729177	Hs.730673	NR_034143	ENSG00000260455	NBAT1	CASC14|NBAT-1	neuroblastoma associated transcript 1	ncRNA
*-141	chr15	57170798	57261051	+	0	NA	intron (NM_207038, intron 8 of 19)	intron (NM_207038, intron 8 of 19)	-3506	NM_001306219	6938	Hs.511504	NM_003205	ENSG00000140262	TCF12	CRS3|HEB|HTF4|HsT17266|TCF-12|bHLHb20|p64	transcription factor 12	protein-coding
*-97	chr11	78728948	78885851	+	0	NA	intron (NM_001098816, intron 14 of 33)	intron (NM_001098816, intron 14 of 33)	-232535	NM_024678	79731	Hs.503389	NM_024678	ENSG00000137513	NARS2	DFNB94|SLM5|asnRS	asparaginyl-tRNA synthetase 2, mitochondrial	protein-coding
*-91	chr11	12724448	12893051	+	0	NA	intron (NM_021961, intron 3 of 12)	intron (NM_021961, intron 3 of 12)	134328	NM_021961	7003	Hs.655331	NM_021961	ENSG00000187079	TEAD1	AA|NTEF-1|REF1|TCF-13|TCF13|TEAD-1|TEF-1	TEA domain transcription factor 1	protein-coding
*-108	chr3	9379648	9451801	+	0	NA	intron (NM_001080517, intron 1 of 22)	AluJr|SINE|Alu	18024	NM_001080517	55209	Hs.288164	NM_018187	ENSG00000168137	SETD5	-	SET domain containing 5	protein-coding
*-9	chr4	139713848	139987551	+	0	NA	intron (NM_018717, intron 2 of 4)	AluJb|SINE|Alu	184880	NM_002413	4258	Hs.81874	NM_002413	ENSG00000085871	MGST2	GST2|MGST-II	microsomal glutathione S-transferase 2	protein-coding
*-92	chr11	43891148	43963951	+	0	NA	Intergenic	MIR|SINE|MIR	-6605	NR_038907	100507300	Hs.664588	NR_038907	ENSG00000244926	ALKBH3-AS1	-	ALKBH3 antisense RNA 1	ncRNA
*-88	chr1	179746161	179818201	+	0	NA	intron (NM_001329719, intron 1 of 4)	intron (NM_001329719, intron 1 of 4)	-21743	NR_162130	113219451		NR_162130		MIR12116	-	microRNA 12116	ncRNA
*-20	chr17	29624422	29765151	+	0	NA	intron (NM_033389, intron 4 of 14)	Charlie8|DNA|hAT-Charlie	66646	NM_001282131	85464	Hs.654754	NM_033389	ENSG00000141298	SSH2	SSH-2|SSH-2L	slingshot protein phosphatase 2	protein-coding
*-125	chr14	88975148	89012901	+	0	NA	Intergenic	MER63A|DNA|hAT-Blackjack	169373	NR_159362	123016	Hs.303055	NM_144596	ENSG00000165533	TTC8	BBS8|RP51	tetratricopeptide repeat domain 8	protein-coding
*-115	chr3	98725548	98824301	+	0	NA	intron (NM_001271147, intron 6 of 9)	intron (NM_001271147, intron 6 of 9)	11617	NM_001323368	10402	Hs.148716	NM_006100	ENSG00000064225	ST3GAL6	SIAT10|ST3GALVI	ST3 beta-galactoside alpha-2,3-sialyltransferase 6	protein-coding
*-35	chr5	150488991	150529351	+	0	NA	intron (NM_001543, intron 1 of 14)	intron (NM_001543, intron 1 of 14)	1040	NM_001543	3340	Hs.222055	NM_001543	ENSG00000070614	NDST1	HSST|MRT46|NST1	N-deacetylase and N-sulfotransferase 1	protein-coding
*-45	chr2	99625198	99672501	+	0	NA	intron (NM_001025108, intron 12 of 23)	intron (NM_001025108, intron 12 of 23)	-158832	NM_001321460	51455	Hs.443077	NM_016316	ENSG00000135945	REV1	AIBP80|REV1L	REV1 DNA directed polymerase	protein-coding
*-82	chr1	50112614	50206401	+	0	NA	intron (NM_001144774, intron 2 of 6)	AluSx1|SINE|Alu	49674	NR_136725	1996	Hs.213050	NM_021952	ENSG00000162374	ELAVL4	HUD|PNEM	ELAV like RNA binding protein 4	protein-coding
*-8	chr4	118891839	119048801	+	0	NA	intron (NM_001128934, intron 1 of 4)	intron (NM_001128934, intron 1 of 4)	81466	NM_001128933	171024	Hs.655519	NM_133477	ENSG00000172403	SYNPO2	-	synaptopodin 2	protein-coding
*-81	chr1	26692048	26784961	+	0	NA	intron (NM_139135, intron 4 of 19)	L2a|LINE|L2	42489	NM_139135	8289	Hs.468972	NM_006015	ENSG00000117713	ARID1A	B120|BAF250|BAF250a|BM029|C1orf4|CSS2|ELD|MRD14|OSA1|P270|SMARCF1|hELD|hOSA1	AT-rich interaction domain 1A	protein-coding
*-43	chr2	44670848	44711301	+	0	NA	intron (NM_024766, intron 3 of 10)	MIRb|SINE|MIR	247814	NR_147194	107985879	Hs.436392	NR_147194	ENSG00000259439	LINC01833	K21.1|RP11-89	long intergenic non-protein coding RNA 1833	ncRNA
*-116	chr3	119630648	119666101	+	0	NA	exon (NM_001308333, exon 3 of 5)	exon (NM_001308333, exon 3 of 5)	12216	NM_001308333	64091	Hs.534383	NM_022135	ENSG00000121577	POPDC2	POP2	popeye domain containing 2	protein-coding
*-33	chr5	141493498	141535851	+	0	NA	TTS (NM_001314007)	TTS (NM_001314007)	25433	NM_032407	56097	Hs.368160	NM_018929	ENSG00000240764	PCDHGC5	PCDH-GAMMA-C5	protocadherin gamma subfamily C, 5	protein-coding
*-126	chr14	99560698	99600851	+	0	NA	intron (NM_001144995, intron 1 of 5)	AluSx1|SINE|Alu	23433	NM_001144995	317762	Hs.709288	NM_001144995	ENSG00000205476	CCDC85C	-	coiled-coil domain containing 85C	protein-coding
*-87	chr1	163134198	163206701	+	0	NA	intron (NM_001254748, intron 2 of 5)	intron (NM_001254748, intron 2 of 5)	8774	NR_110699	101928404	Hs.683933	NR_110699	ENSG00000232892	LOC101928404	-	uncharacterized LOC101928404	ncRNA
*-44	chr2	46986448	47095951	+	0	NA	intron (NM_001288951, intron 15 of 20)	intron (NM_001288951, intron 15 of 20)	-99344	NM_001171508	90411	Hs.662152	NM_139279	ENSG00000180398	MCFD2	F5F8D|F5F8D2|LMAN1IP|SDNSF	multiple coagulation factor deficiency 2	protein-coding
*-34	chr5	150132198	150162851	+	0	NA	intron (NM_002609, intron 1 of 22)	intron (NM_002609, intron 1 of 22)	8321	NR_149150	5159	Hs.509067	NM_002609	ENSG00000113721	PDGFRB	CD140B|IBGC4|IMF1|JTK12|KOGS|PDGFR|PDGFR-1|PDGFR1|PENTT	platelet derived growth factor receptor beta	protein-coding
*-29	chr5	51456098	51496801	+	0	NA	Intergenic	L1MA6|LINE|L1	93001	NM_002202	3670	Hs.505	NM_002202	ENSG00000016082	ISL1	ISLET1|Isl-1	ISL LIM homeobox 1	protein-coding
*-86	chr1	162877848	162947351	+	0	NA	Intergenic	L1M4|LINE|L1	-43784	NM_178550	339512	Hs.407631	NM_178550	ENSG00000185860	CCDC190	C1orf110	coiled-coil domain containing 190	protein-coding
*-129	chr18	55224948	55355501	+	0	NA	intron (NM_001243228, intron 8 of 19)	intron (NM_001243228, intron 8 of 19)	12436	NM_001348216	6925	Hs.605153	NM_003199	ENSG00000196628	TCF4	E2-2|FECD3|ITF-2|ITF2|PTHS|SEF-2|SEF2|SEF2-1|SEF2-1A|SEF2-1B|SEF2-1D|TCF-4|bHLHb19	transcription factor 4	protein-coding
*-102	chr7	8145198	8259051	+	0	NA	intron (NM_001350836, intron 7 of 14)	intron (NM_001350836, intron 7 of 14)	59928	NM_022307	3382	Hs.487561	NM_004968	ENSG00000003147	ICA1	ICA69|ICAp69	islet cell autoantigen 1	protein-coding
*-119	chr3	177588398	177619851	+	0	NA	intron (NR_047568, intron 2 of 3)	AluSz|SINE|Alu	162203	NR_047568	100505566	Hs.581170	NR_047568		LINC00578	-	long intergenic non-protein coding RNA 578	ncRNA
*-59	chr16	53058148	53141951	+	0	NA	intron (NM_025134, intron 1 of 38)	intron (NM_025134, intron 1 of 38)	-30963	NM_001352127	80205	Hs.59159	NM_015287	ENSG00000177200	CHD9	AD013|CHD-9|CReMM|KISH2|PRIC320	chromodomain helicase DNA binding protein 9	protein-coding
*-143	chr19	38650625	38697951	+	0	NA	intron (NM_001322033, intron 1 of 20).2	intron (NM_001322033, intron 1 of 20).2	26639	NM_004924	81	Hs.270291	NM_004924	ENSG00000130402	ACTN4	ACTININ-4|FSGS|FSGS1	actinin alpha 4	protein-coding
*-133	chr6	56471448	56577901	+	0	NA	intron (NM_001144770, intron 61 of 94)	intron (NM_001144770, intron 61 of 94)	118215	NM_001723	667	Hs.604915	NM_001723	ENSG00000151914	DST	BP240|BPA|BPAG1|CATX-15|CATX15|D6S1101|DMH|DT|EBSB2|HSAN6|MACF2	dystonin	protein-coding
*-98	chr11	103525248	103538851	+	0	NA	Intergenic	Intergenic	-317857	NR_039842	100616457		NR_039842	ENSG00000264200	MIR4693	-	microRNA 4693	ncRNA
*-78	chr1	1791898	1884301	+	0	NA	intron (NM_001282539, intron 1 of 10)	AluSx1|SINE|Alu	52988	NM_002074	2782	Hs.430425	NM_002074	ENSG00000078369	GNB1	MRD42	G protein subunit beta 1	protein-coding
*-39	chr2	6951148	7041701	+	0	NA	intron (NM_001349186, intron 2 of 7)	intron (NM_001349186, intron 2 of 7)	63340	NM_001349183	9781	Hs.22146	NM_014746	ENSG00000151692	RNF144A	RNF144|UBCE7IP4|hUIP4	ring finger protein 144A	protein-coding
*-68	chr10	78407148	78474801	+	0	NA	Intergenic	Intergenic	173632	NR_073447	414243	Hs.55047	NR_073447	ENSG00000230417	LINC00595	C10orf101	long intergenic non-protein coding RNA 595	ncRNA
*-49	chr2	188300490	188378751	+	0	NA	intron (NR_045563, intron 2 of 12)	MSTA|LTR|ERVL-MaLR	42128	NR_030287	693146		NR_030287	ENSG00000207951	MIR561	MIRN561|hsa-mir-561|mir-561	microRNA 561	ncRNA
*-25	chr8	28883098	28980601	+	0	NA	intron (NM_001324393, intron 2 of 11)	intron (NM_001324393, intron 2 of 11)	40535	NM_001324382	79618	Hs.563560	NM_024567	ENSG00000147421	HMBOX1	HNF1LA|HOT1|PBHNF	homeobox containing 1	protein-coding
*-23	chr8	23339206	23373251	+	0	NA	intron (NM_002318, intron 3 of 13)	L3|LINE|CR1	20020	NR_038323	100507156	Hs.661130	NR_038323	ENSG00000253837	LOC100507156	-	uncharacterized LOC100507156	ncRNA
*-24	chr8	26593148	26642901	+	0	NA	intron (NM_001244604, intron 3 of 13)	L1MB7|LINE|L1	39619	NM_001244604	1808	Hs.593187	NM_001386	ENSG00000092964	DPYSL2	CRMP-2|CRMP2|DHPRP2|DRP-2|DRP2|N2A3|ULIP-2|ULIP2	dihydropyrimidinase like 2	protein-coding
*-101	chr22	35876998	36038801	+	0	NA	intron (NM_001082578, intron 1 of 13)	intron (NM_001082578, intron 1 of 13)	3731	NM_001349992	23543	Hs.282998	NM_014309	ENSG00000100320	RBFOX2	FOX2|Fox-2|HNRBP2|HRNBP2|RBM9|RTA|dJ106I20.3|fxh	RNA binding fox-1 homolog 2	protein-coding
*-53	chr2	216112295	216220301	+	0	NA	intron (NM_021141, intron 16 of 20)	AluJb|SINE|Alu	-50591	NR_037701	150967	Hs.56876	NM_001199924	ENSG00000260804	LINC01963	PKI55	long intergenic non-protein coding RNA 1963	ncRNA
*-54	chr2	234954982	235056301	+	0	NA	intron (NM_001371304, intron 2 of 5)	intron (NM_001371304, intron 2 of 5)	-22094	NM_001371306								
*-127	chr14	100385048	100449551	+	0	NA	intron (NM_001350949, intron 2 of 6)	intron (NM_001350949, intron 2 of 6)	40814	NM_024515	79446	Hs.497599	NM_024515	ENSG00000176473	WDR25	C14orf67	WD repeat domain 25	protein-coding
*-100	chr22	27841298	27889651	+	0	NA	intron (NM_001284278, intron 8 of 11)	intron (NM_001284278, intron 8 of 11)	53740	NM_001284278	23760	Hs.705323	NM_012399	ENSG00000180957	PITPNB	PI-TP-beta|PtdInsTP|VIB1B	phosphatidylinositol transfer protein beta	protein-coding
*-55	chr2	237862542	237923151	+	0	NA	intron (NM_001308353, intron 3 of 3)	intron (NM_001308353, intron 3 of 3)	33223	NM_005855	10267	Hs.471783	NM_005855	ENSG00000132329	RAMP1	-	receptor activity modifying protein 1	protein-coding
*-104	chr7	66118598	66157451	+	0	NA	intron (NR_024548, intron 5 of 6)	L1MEf|LINE|L1	23177	NM_014478	27297	Hs.300684	NM_014478	ENSG00000241258	CRCP	CGRP-RCP|CGRPRCP|RCP|RCP9|RPC9	CGRP receptor component	protein-coding
*-117	chr3	141384048	141449951	+	0	NA	intron (NM_001080412, intron 7 of 7)	MLT1C|LTR|ERVL-MaLR	14650	NM_001350100	253461	Hs.518301	NM_152535	ENSG00000177311	ZBTB38	CIBZ|PPP1R171|ZNF921	zinc finger and BTB domain containing 38	protein-coding
*-138	chr6	155247448	155310451	+	0	NA	intron (NM_016020, intron 5 of 6)	MER20|DNA|hAT-Charlie	14936	NM_001001346	49861	Hs.567491	NM_001001346	ENSG00000171217	CLDN20	-	claudin 20	protein-coding
*-18	chr12	130452198	130730401	+	0	NA	intron (NM_001351226, intron 2 of 21)	MER58A|DNA|hAT-Charlie	37157	NM_015347	23504	Hs.657441	NM_015347	ENSG00000060709	RIMBP2	PPP1R133|RBP2|RIM-BP2	RIMS binding protein 2	protein-coding
*-16	chr12	39294548	39440389	+	0	NA	intron (NM_001173464, intron 4 of 37)	intron (NM_001173464, intron 4 of 37)	75652	NM_001173464	55605	Hs.374201	NM_017641	ENSG00000139116	KIF21A	CFEOM1|FEOM1|FEOM3A	kinesin family member 21A	protein-coding
*-142	chr15	85575748	85653351	+	0	NA	intron (NM_007200, intron 8 of 36)	intron (NM_007200, intron 8 of 36)	-5401	NM_001270546	11214	Hs.459211	NM_006738	ENSG00000170776	AKAP13	AKAP-13|AKAP-Lbc|ARHGEF13|BRX|HA-3|Ht31|LBC|PRKA13|PROTO-LB|PROTO-LBC|c-lbc|p47	A-kinase anchoring protein 13	protein-coding
*-132	chr6	43089348	43130301	+	0	NA	intron (NM_001270398, intron 1 of 19)	AluY|SINE|Alu	33010	NM_001270398	5754	Hs.90572	NM_002821	ENSG00000112655	PTK7	CCK-4|CCK4	protein tyrosine kinase 7 (inactive)	protein-coding
*-11	chr4	140989198	141082451	+	0	NA	intron (NM_020724, intron 1 of 6)	L2a|LINE|L2	97645	NM_020724	57484	Hs.659104	NM_020724	ENSG00000170153	RNF150	-	ring finger protein 150	protein-coding
*-12	chr4	173986348	174049751	+	0	NA	Intergenic	Intergenic	120776	NR_146487	101928478		NR_146487	ENSG00000250708	LINC02269	-	long intergenic non-protein coding RNA 2269	ncRNA
*-17	chr12	124477648	124561351	+	0	NA	intron (NM_001077261, intron 2 of 47)	L2a|LINE|L2	48113	NM_006312	9612	Hs.137510	NM_006312	ENSG00000196498	NCOR2	CTG26|N-CoR2|SMAP270|SMRT|SMRTE|SMRTE-tau|TNRC14|TRAC|TRAC-1|TRAC1	nuclear receptor corepressor 2	protein-coding
*-103	chr7	19072298	19114671	+	0	NA	Intergenic	MLT1B|LTR|ERVL-MaLR	24152	NM_000474	7291	Hs.66744	NM_000474	ENSG00000122691	TWIST1	ACS3|BPES2|BPES3|CRS|CRS1|CSO|SCS|SWCOS|TWIST|bHLHa38	twist family bHLH transcription factor 1	protein-coding
*-30	chr5	51957948	52017351	+	0	NA	Intergenic	Intergenic	-20382	NR_147166	105378960	Hs.639310	NR_147166	ENSG00000248789	LINC02118	-	long intergenic non-protein coding RNA 2118	ncRNA
*-67	chr10	71221227	71284501	+	0	NA	intron (NM_001244889, intron 1 of 15)	intron (NM_001244889, intron 1 of 15)	-34636	NR_038453	728978	Hs.646725	NR_038453	ENSG00000237512	UNC5B-AS1	-	UNC5B antisense RNA 1	ncRNA
*-40	chr2	29192148	29322951	+	0	NA	intron (NM_004304, intron 11 of 28)	intron (NM_004304, intron 11 of 28)	-33649	NM_001353765	238	Hs.654469	NM_004304	ENSG00000171094	ALK	CD246|NBLST3	ALK receptor tyrosine kinase	protein-coding
*-77	chr9	133814248	133898651	+	0	NA	intron (NM_001134398, intron 3 of 29)	intron (NM_001134398, intron 3 of 29)	-116494	NM_007101	1757	Hs.198003	NM_007101	ENSG00000123453	SARDH	BPR-2|DMGDHL1|SAR|SARD|SDH	sarcosine dehydrogenase	protein-coding
*-61	chr16	81468698	81561101	+	0	NA	intron (NM_030629, intron 1 of 20)	intron (NM_030629, intron 1 of 20)	-19003	NR_107008	102465840		NR_107008	ENSG00000277255	MIR7854	hsa-mir-7854	microRNA 7854	ncRNA
*-7	chr4	118715648	118819451	+	0	NA	intron (NM_014822, intron 9 of 22)	intron (NM_014822, intron 9 of 22)	68577	NM_001318066	9871	Hs.189641	NM_014822	ENSG00000150961	SEC24D	CLCRP2	SEC24 homolog D, COPII coat complex component	protein-coding
*-72	chr9	27815698	27848001	+	0	NA	Intergenic	Intergenic	-257983	NM_145005	203228	Hs.493639	NM_018325	ENSG00000147894	C9orf72	ALSFTD|DENND9|DENNL72|FTDALS|FTDALS1	C9orf72-SMCR8 complex subunit	protein-coding
*-6	chr4	95503698	95554151	+	0	NA	intron (NM_003728, intron 1 of 15)	intron (NM_003728, intron 1 of 15)	20049	NM_003728	8633	Hs.388565	NM_003728	ENSG00000182168	UNC5C	UNC5H3	unc-5 netrin receptor C	protein-coding
*-62	chr16	85348998	85397651	+	0	NA	Intergenic	Intergenic	-66999	NR_049816	100847022		NR_049816	ENSG00000266307	MIR5093	-	microRNA 5093	ncRNA
*-71	chr10	124982648	125069501	+	0	NA	intron (NM_001290214, intron 3 of 10)	intron (NM_001290214, intron 3 of 10)	1997	NM_022802	1488	Hs.501345	NM_001329	ENSG00000175029	CTBP2	-	C-terminal binding protein 2	protein-coding
*-66	chr10	63536948	63643201	+	0	NA	intron (NM_001001330, intron 2 of 7)	AluSz|SINE|Alu	-68184	NM_001322258	221037	Hs.413416	NM_004241	ENSG00000171988	JMJD1C	KDM3C|TRIP-8|TRIP8	jumonji domain containing 1C	protein-coding
*-76	chr9	127960248	127977532	+	0	NA	intron (NM_001035254, intron 1 of 10)	intron (NM_001035254, intron 1 of 10)	12099	NM_001035254	399665	Hs.535972	NM_203305	ENSG00000167106	FAM102A	C9orf132|EEIG1|SYM-3A|bA203J24.7	family with sequence similarity 102 member A	protein-coding
