PeakID (cmd=annotatePeaks.pl ../temp_results/BEDs/CLB_SKN_M_chr.bed hg38)	Chr	Start	End	Strand	Peak Score	Focus Ratio/Region Size	Annotation	Detailed Annotation	Distance to TSS	Nearest PromoterID	Entrez ID	Nearest Unigene	Nearest Refseq	Nearest Ensembl	Gene Name	Gene Alias	Gene Description	Gene Type
*-241	chr22	42956548	43011451	+	0	NA	intron (NM_001184970, intron 1 of 10)	AluJb|SINE|Alu	-23663	NM_001349970	11252	Hs.162877	NM_007229	ENSG00000100266	PACSIN2	SDPII	protein kinase C and casein kinase substrate in neurons 2	protein-coding
*-29	chr4	69763711	69800501	+	0	NA	Intergenic	LTR22|LTR|ERVK	-21486	NM_014465	27284	Hs.129742	NM_014465	ENSG00000173597	SULT1B1	ST1B1|ST1B2|SULT1B2	sulfotransferase family 1B member 1	protein-coding
*-44	chr10	4765948	4781801	+	0	NA	Intergenic	L1MC3|LINE|L1	-52303	NR_073125	83592	Hs.657944	NM_031436	ENSG00000165568	AKR1E2	AKR1CL2|AKRDC1|LoopADR|TAKR|hTSP|htAKR	aldo-keto reductase family 1 member E2	protein-coding
*-228	chr9	37929398	37979101	+	0	NA	intron (NM_003028, intron 4 of 5)	intron (NM_003028, intron 4 of 5)	-49896	NR_024872	92014	Hs.634120	NM_033412	ENSG00000122696	SLC25A51	CG7943|MCART1	solute carrier family 25 member 51	protein-coding
*-199	chr3	188233598	188299051	+	0	NA	intron (NM_005578, intron 2 of 10)	intron (NM_005578, intron 2 of 10)	40919	NM_001167671	4026	Hs.720220	NM_005578	ENSG00000145012	LPP	-	LIM domain containing preferred translocation partner in lipoma	protein-coding
*-113	chr7	92614348	92647951	+	0	NA	intron (NM_001259, intron 5 of 7)	intron (NM_001259, intron 5 of 7)	-40759	NR_109929	257415	Hs.18564	NM_152789	ENSG00000234545	FAM133B	-	family with sequence similarity 133 member B	protein-coding
*-218	chr5	151660848	151701051	+	0	NA	intron (NR_109873, intron 3 of 4)	intron (NR_109873, intron 3 of 4)	4004	NR_109873	101927096	Hs.571023	NR_109873	ENSG00000249035	CLMAT3	CTB-113P19.1|SPARC-AS1	colorectal liver metastasis associated transcript 3	ncRNA
*-123	chr1	8651948	8719251	+	0	NA	intron (NM_001042681, intron 1 of 22)	AluSc8|SINE|Alu	132041	NM_012102	473	Hs.463041	NM_012102	ENSG00000142599	RERE	ARG|ARP|ATN1L|DNB1|NEDBEH	arginine-glutamic acid dipeptide repeats	protein-coding
*-30	chr4	76579598	76591951	+	0	NA	intron (NM_020859, intron 2 of 10)	intron (NM_020859, intron 2 of 10)	10223	NR_039655	100616254		NR_039655	ENSG00000283682	MIR548AH	-	microRNA 548ah	ncRNA
*-200	chr3	196773598	196808001	+	0	NA	intron (NM_002577, intron 2 of 14)	LTR22C2|LTR|ERVK	50942	NM_002577	5062	Hs.518530	NM_002577	ENSG00000180370	PAK2	PAK65|PAKgamma	p21 (RAC1) activated kinase 2	protein-coding
*-157	chr13	45189748	45243251	+	0	NA	intron (NM_004128, intron 5 of 7)	intron (NM_004128, intron 5 of 7)	-15454	NM_198404	386618	Hs.23406	NM_198404	ENSG00000180332	KCTD4	bA321C24.3	potassium channel tetramerization domain containing 4	protein-coding
*-7	chr2	62710648	62744101	+	0	NA	intron (NM_001142615, intron 2 of 22)	L1MB8|LINE|L1	20477	NM_001354217	23301	Hs.271667	NM_015252	ENSG00000115504	EHBP1	HPC12|NACSIN	EH domain binding protein 1	protein-coding
*-180	chr3	71487998	71522851	+	0	NA	intron (NR_146142, intron 2 of 19)	AluSc8|SINE|Alu	36665	NR_031697	100302112		NR_031697	ENSG00000221264	MIR1284	MIRN1284|hsa-mir-1284|mir-1284	microRNA 1284	ncRNA
*-62	chr8	66505748	66560201	+	0	NA	Intergenic	AluJb|SINE|Alu	39408	NM_152765	254778	Hs.268869	NM_152765	ENSG00000169085	VXN	C8orf46	vexin	protein-coding
*-61	chr8	53942598	53965251	+	0	NA	intron (NM_001286673, intron 3 of 4)	intron (NM_001286673, intron 3 of 4)	68524	NR_109902	6917	Hs.491745	NM_006756	ENSG00000187735	TCEA1	GTF2S|SII|TCEA|TF2S|TFIIS	transcription elongation factor A1	protein-coding
*-277	chr16	50183448	50211701	+	0	NA	intron (NM_001365324, intron 1 of 11)	AluSz6|SINE|Alu	44093	NM_001365324	64282	Hs.514342	NM_022447	ENSG00000121274	TENT4B	PAPD5|TRF4-2|TUT3	terminal nucleotidyltransferase 4B	protein-coding
*-167	chr15	67068855	67159051	+	0	NA	intron (NM_005902, intron 1 of 8)	intron (NM_005902, intron 1 of 8)	-11763	NM_001145102	4088	Hs.727986	NM_005902	ENSG00000166949	SMAD3	HSPC193|HsT17436|JV15-2|LDS1C|LDS3|MADH3	SMAD family member 3	protein-coding
*-244	chr14	32396098	32438701	+	0	NA	intron (NM_004274, intron 1 of 13)	intron (NM_004274, intron 1 of 13)	88101	NM_004274	9472	Hs.509083	NM_004274	ENSG00000151320	AKAP6	ADAP100|ADAP6|AKAP100|PRKA6|mAKAP	A-kinase anchoring protein 6	protein-coding
*-38	chr4	122758548	122785001	+	0	NA	Intergenic	LTR75|LTR|ERVL	39070	NM_152618	166379	Hs.400698	NM_152618	ENSG00000181004	BBS12	C4orf24	Bardet-Biedl syndrome 12	protein-coding
*-267	chr6	152704948	152754551	+	0	NA	Intergenic	Intergenic	-21048	NM_003381	7432	Hs.53973	NM_003381	ENSG00000146469	VIP	PHM27	vasoactive intestinal peptide	protein-coding
*-144	chr1	181092698	181117901	+	0	NA	Intergenic	CpG	16599	NM_016545	51278	Hs.15725	NM_016545	ENSG00000162783	IER5	SBBI48	immediate early response 5	protein-coding
*-177	chr3	16467048	16496301	+	0	NA	intron (NM_015150, intron 2 of 9)	intron (NM_015150, intron 2 of 9)	32025	NM_015150	23180	Hs.98910	NM_015150	ENSG00000131378	RFTN1	MIG2|PIB10|PIG9|RAFTLIN	raftlin, lipid raft linker 1	protein-coding
*-280	chr16	75242948	75261051	+	0	NA	promoter-TSS (NM_001170717)	promoter-TSS (NM_001170717)	-375	NM_014567	9564	Hs.479747	NM_014567	ENSG00000050820	BCAR1	CAS|CAS1|CASS1|CRKAS|P130Cas	BCAR1 scaffold protein, Cas family member	protein-coding
*-223	chr9	33148548	33163301	+	0	NA	intron (NM_001497, intron 1 of 5)	intron (NM_001497, intron 1 of 5)	-11024	NR_108109	101929639	Hs.545818	NR_108108	ENSG00000233554	B4GALT1-AS1	-	B4GALT1 antisense RNA 1	ncRNA
*-118	chr7	130880748	130926401	+	0	NA	intron (NR_110472, intron 2 of 3)	intron (NR_110472, intron 2 of 3)	9736	NR_034120	378805	Hs.150556	NM_001085379	ENSG00000231721	LINC-PINT	LincRNA-Pint|MKLN1-AS1|PINT	long intergenic non-protein coding RNA, p53 induced transcript	ncRNA
*-128	chr1	36342398	36377001	+	0	NA	intron (NM_001282546, intron 2 of 10)	intron (NM_001282546, intron 2 of 10)	26225	NM_001282546	83931	Hs.471768	NM_032017	ENSG00000196182	STK40	SHIK|SgK495	serine/threonine kinase 40	protein-coding
*-213	chr5	140240948	140263301	+	0	NA	intron (NM_002622, intron 3 of 3)	intron (NM_002622, intron 3 of 3)	50977	NM_002622	5201	Hs.483564	NM_002622	ENSG00000113068	PFDN1	PDF|PFD1	prefoldin subunit 1	protein-coding
*-82	chr11	111530748	111564401	+	0	NA	intron (NM_001258391, intron 2 of 5)	ERV3-16A3_I-int|LTR|ERVL	7066	NM_001258391	143903	Hs.503831	NM_178834	ENSG00000204381	LAYN	-	layilin	protein-coding
*-141	chr1	157996271	158050551	+	0	NA	intron (NM_001286349, intron 1 of 12)	L2c|LINE|L2	-2139	NR_145471	100505785	Hs.664656	NR_145471		KIRREL1-IT1	KIRREL-IT1	KIRREL1 intronic transcript 1	ncRNA
*-81	chr11	96186548	96338436	+	0	NA	intron (NM_032427, intron 1 of 4)	AluY|SINE|Alu	-78946	NR_036125	100422991		NR_036125	ENSG00000266192	MIR1260B	mir-1260b	microRNA 1260b	ncRNA
*-19	chr2	189366698	189413251	+	0	NA	Intergenic	Intergenic	-51459	NM_001303096	84128	Hs.399984	NM_032168	ENSG00000115368	WDR75	NET16|UTP17	WD repeat domain 75	protein-coding
*-257	chr20	53735248	53753451	+	0	NA	Intergenic	AluJb|SINE|Alu	131360	NR_002189	391257	Hs.449977	NR_002189		SUMO1P1	PIC1L|UBL2|UBL6	SUMO1 pseudogene 1	pseudo
*-100	chr17	40298048	40352151	+	0	NA	intron (NM_001145301, intron 1 of 8)	AluSx1|SINE|Alu	6854	NM_001145302	5914	Hs.654583	NM_000964	ENSG00000131759	RARA	NR1B1|RAR	retinoic acid receptor alpha	protein-coding
*-139	chr1	115298748	115335151	+	0	NA	intron (NM_002506, intron 1 of 2)	intron (NM_002506, intron 1 of 2)	21287	NM_002506	4803	Hs.2561	NM_002506	ENSG00000134259	NGF	Beta-NGF|HSAN5|NGFB	nerve growth factor	protein-coding
*-56	chr10	93435198	93479316	+	0	NA	intron (NM_013451, intron 1 of 53)	MIRb|SINE|MIR	25077	NM_133337	26509	Hs.602086	NM_013451	ENSG00000138119	MYOF	FER1L3	myoferlin	protein-coding
*-126	chr1	24764498	24804201	+	0	NA	intron (NM_013943, intron 1 of 5)	MIR|SINE|MIR	38902	NM_013943	25932	Hs.440544	NM_013943	ENSG00000169504	CLIC4	CLIC4L|H1|MTCLIC|huH1|p64H1	chloride intracellular channel 4	protein-coding
*-97	chr12	122068298	122123151	+	0	NA	intron (NM_014938, intron 1 of 16).2	L1ME4a|LINE|L1	16968	NM_014938	22877	Hs.437153	NM_014938	ENSG00000175727	MLXIP	MIR|MONDOA|bHLHe36	MLX interacting protein	protein-coding
*-222	chr9	12778011	12823051	+	0	NA	intron (NR_125775, intron 1 of 3)	A-rich|Low_complexity|Low_complexity	13858	NR_125775	101929467	Hs.586443	NR_125775	ENSG00000235448	LURAP1L-AS1	-	LURAP1L antisense RNA 1	ncRNA
*-212	chr5	135992348	136038301	+	0	NA	Intergenic	Intergenic	-13664	NM_000358	7045	Hs.369397	NM_000358	ENSG00000120708	TGFBI	BIGH3|CDB1|CDG2|CDGG1|CSD|CSD1|CSD2|CSD3|EBMD|LCD1	transforming growth factor beta induced	protein-coding
*-116	chr7	129825098	129981301	+	0	NA	intron (NM_001202498, intron 1 of 6)	intron (NM_001202498, intron 1 of 6)	49761	NM_003344	7328	Hs.643548	NM_003344	ENSG00000186591	UBE2H	E2-20K|GID3|UBC8|UBCH|UBCH2	ubiquitin conjugating enzyme E2 H	protein-coding
*-125	chr1	22062648	22113501	+	0	NA	intron (NM_001039802, intron 6 of 6)	intron (NM_001039802, intron 6 of 6)	35365	NM_001039802	998	Hs.467637	NM_001791	ENSG00000070831	CDC42	CDC42Hs|G25K|TKS	cell division cycle 42	protein-coding
*-23	chr2	233402848	233443401	+	0	NA	intron (NM_152879, intron 3 of 29)	L1MD1|LINE|L1	34970	NM_003648	8527	Hs.471675	NM_003648	ENSG00000077044	DGKD	DGKdelta|dgkd-2	diacylglycerol kinase delta	protein-coding
*-204	chr5	65184148	65209951	+	0	NA	exon (NM_197941, exon 21 of 25)	exon (NM_197941, exon 21 of 25)	284871	NM_197941	11174	Hs.482291	NM_197941	ENSG00000049192	ADAMTS6	ADAM-TS 6|ADAM-TS6|ADAMTS-6	ADAM metallopeptidase with thrombospondin type 1 motif 6	protein-coding
*-6	chr2	55096398	55115801	+	0	NA	intron (NM_001321904, intron 1 of 9)	intron (NM_001321904, intron 1 of 9)	31732	NM_001321904	57142	Hs.637850	NM_007008	ENSG00000115310	RTN4	ASY|NI220/250|NOGO|NSP|NSP-CL|Nbla00271|Nbla10545|RTN-X|RTN4-A|RTN4-B1|RTN4-B2|RTN4-C	reticulon 4	protein-coding
*-115	chr7	107912798	108015951	+	0	NA	intron (NM_002291, intron 14 of 33)	intron (NM_002291, intron 14 of 33)	38787	NM_002291	3912	Hs.650585	NM_002291	ENSG00000091136	LAMB1	CLM|LIS5	laminin subunit beta 1	protein-coding
*-181	chr3	98954748	98983151	+	0	NA	Intergenic	MLT1F|LTR|ERVL-MaLR	-67254	NM_080927	131566	Hs.203691	NM_080927	ENSG00000057019	DCBLD2	CLCP1|ESDN	discoidin, CUB and LCCL domain containing 2	protein-coding
*-71	chr11	19861498	20113851	+	0	NA	intron (NM_182964, intron 11 of 37)	intron (NM_182964, intron 11 of 37)	-34882	NM_001111019	89797	Hs.64341	NM_145117	ENSG00000166833	NAV2	HELAD1|POMFIL2|RAINB1|STEERIN2|UNC53H2	neuron navigator 2	protein-coding
*-72	chr11	47499598	47549701	+	0	NA	promoter-TSS (NM_001330272)	promoter-TSS (NM_001330272)	55	NM_001330272	10658	Hs.595333	NM_006560	ENSG00000149187	CELF1	BRUNOL2|CUG-BP|CUGBP|CUGBP1|EDEN-BP|NAB50|NAPOR|hNab50	CUGBP Elav-like family member 1	protein-coding
*-55	chr10	90913548	90937551	+	0	NA	Intergenic	LTR82B|LTR|ERVL	-4274	NM_014391	27063	Hs.448589	NM_014391	ENSG00000148677	ANKRD1	ALRP|C-193|CARP|CVARP|MCARP|bA320F15.2	ankyrin repeat domain 1	protein-coding
*-240	chr22	41828898	41887951	+	0	NA	intron (NR_103834, intron 1 of 21)	Tigger9b|DNA|TcMar-Tigger	-23759	NR_157279	112637020		NR_157279		SREBF2-AS1	821D11.7|RP5	SREBF2 antisense RNA 1	ncRNA
*-184	chr3	112629748	112658501	+	0	NA	Intergenic	Intergenic	-2981	NM_199512	151887	Hs.477128	NM_199511	ENSG00000091986	CCDC80	CL2|DRO1|SSG1|URB|okuribin	coiled-coil domain containing 80	protein-coding
*-201	chr5	9426848	9485051	+	0	NA	intron (NM_003966, intron 1 of 22)	intron (NM_003966, intron 1 of 22)	-55384	NR_109935	101929338	Hs.675861	NR_109935	ENSG00000251370	SEMA5A-AS1	CTD-2201E9.1	SEMA5A antisense RNA 1	ncRNA
*-40	chr4	150203098	150260401	+	0	NA	intron (NM_001040260, intron 8 of 15)	intron (NM_001040260, intron 8 of 15)	153304	NM_001040261	166614	Hs.591683	NM_152619	ENSG00000170390	DCLK2	CL2|CLICK-II|CLICK2|CLIK2|DCAMKL2|DCDC3|DCDC3B|DCK2	doublecortin like kinase 2	protein-coding
*-34	chr4	79996598	80039451	+	0	NA	intron (NM_001286781, intron 11 of 16)	intron (NM_001286781, intron 11 of 16)	55205	NM_058172	118429	Hs.162963	NM_058172	ENSG00000163297	ANTXR2	CMG-2|CMG2|HFS|ISH|JHF	ANTXR cell adhesion molecule 2	protein-coding
*-284	chr18	8727648	8840101	+	0	NA	exon (NM_015210, exon 6 of 17)	exon (NM_015210, exon 6 of 17)	66493	NM_015210	23255	Hs.707920	NM_015210	ENSG00000168502	MTCL1	CCDC165|KIAA0802|SOGA2	microtubule crosslinking factor 1	protein-coding
*-95	chr12	108801048	108854582	+	0	NA	promoter-TSS (NM_001161331)	promoter-TSS (NM_001161331)	-264	NM_001161331	54434	Hs.199763	NM_018984	ENSG00000084112	SSH1	SSH1L	slingshot protein phosphatase 1	protein-coding
*-140	chr1	156086248	156141351	+	0	NA	promoter-TSS (NM_170708)	promoter-TSS (NM_170708)	-871	NM_005572	4000	Hs.594444	NM_005572	ENSG00000160789	LMNA	CDCD1|CDDC|CMD1A|CMT2B1|EMD2|FPL|FPLD|FPLD2|HGPS|IDC|LDP1|LFP|LGMD1B|LMN1|LMNC|LMNL1|MADA|PRO1	lamin A/C	protein-coding
*-8	chr2	68028248	68060026	+	0	NA	intron (NM_173177, intron 4 of 4)	L2a|LINE|L2	18867	NM_006333	10438	Hs.602900	NM_006333	ENSG00000197223	C1D	LRP1|Rrp47|SUN-CoR|SUNCOR|hC1D	C1D nuclear receptor corepressor	protein-coding
*-101	chr17	45287498	45322051	+	0	NA	intron (NM_003954, intron 1 of 15)	intron (NM_003954, intron 1 of 15)	12246	NM_003954	9020	Hs.404183	NM_003954	ENSG00000006062	MAP3K14	FTDCR1B|HS|HSNIK|NIK	mitogen-activated protein kinase kinase kinase 14	protein-coding
*-96	chr12	121923248	121950951	+	0	NA	intron (NM_001178003, intron 5 of 17)	MLT1C|LTR|ERVL-MaLR	18507	NM_144668	144406	Hs.709837	NM_144668	ENSG00000158023	WDR66	CFAP251|CaM-IP4|SPGF33	WD repeat domain 66	protein-coding
*-57	chr10	99945398	100006952	+	0	NA	intron (NM_015221, intron 1 of 16)	intron (NM_015221, intron 1 of 16)	33772	NM_015221	23268	Hs.500771	NM_015221	ENSG00000107554	DNMBP	ARHGEF36|CTRCT48|TUBA	dynamin binding protein	protein-coding
*-215	chr5	140972398	141005251	+	0	NA	intron (NM_018911, intron 3 of 3)	intron (NM_018911, intron 3 of 3)	22057	NM_031883	56134	Hs.199343	NM_018899	ENSG00000243232	PCDHAC2	PCDH-ALPHA-C2	protocadherin alpha subfamily C, 2	protein-coding
*-225	chr9	33820798	33878851	+	0	NA	intron (NM_017811, intron 1 of 4)	AluJb|SINE|Alu	32664	NM_017811	54926	Hs.643648	NM_017811	ENSG00000107341	UBE2R2	CDC34B|E2-CDC34B|UBC3B	ubiquitin conjugating enzyme E2 R2	protein-coding
*-13	chr2	160313748	160455451	+	0	NA	intron (NM_002897, intron 1 of 13)	MIR|SINE|MIR	23283	NR_039946	100616364		NR_039946	ENSG00000283734	MIR4785	mir-4785	microRNA 4785	ncRNA
*-104	chr17	66305806	66474801	+	0	NA	intron (NM_002737, intron 2 of 16)	intron (NM_002737, intron 2 of 16)	26551	NR_110822	101928001	Hs.650730	NR_110822		PRKCA-AS1	-	PRKCA antisense RNA 1	ncRNA
*-112	chr7	77683948	77738001	+	0	NA	intron (NM_198467, intron 1 of 7)	L2c|LINE|L2	-13629	NR_038361	100505854	Hs.72451	NR_038361	ENSG00000214293	APTR	RSBN1L-AS1	Alu-mediated CDKN1A/p21 transcriptional regulator	ncRNA
*-216	chr5	147471148	147506901	+	0	NA	intron (NM_001197294, intron 1 of 13)	AluSq|SINE|Alu	21044	NM_001197294	1809	Hs.519659	NM_001387	ENSG00000113657	DPYSL3	CRMP-4|CRMP4|DRP-3|DRP3|LCRMP|ULIP|ULIP-1	dihydropyrimidinase like 3	protein-coding
*-239	chr22	40484998	40529101	+	0	NA	intron (NM_020831, intron 3 of 14)	intron (NM_020831, intron 3 of 14)	-14751	NR_109965	101927257	Hs.662725	NR_109965	ENSG00000232564	MRTFA-AS1	-	MRTFA antisense RNA 1	ncRNA
*-226	chr9	35510498	35534101	+	0	NA	intron (NM_001330740, intron 1 of 10)	intron (NM_001330740, intron 1 of 10)	-16333	NM_001135999	9853	Hs.493796	NM_014806	ENSG00000198853	RUSC2	Iporin|MRT61	RUN and SH3 domain containing 2	protein-coding
*-122	chr1	8361498	8420686	+	0	NA	intron (NM_001042681, intron 12 of 22)	L2c|LINE|L2	32740	NM_001042682	473	Hs.463041	NM_012102	ENSG00000142599	RERE	ARG|ARP|ATN1L|DNB1|NEDBEH	arginine-glutamic acid dipeptide repeats	protein-coding
*-281	chr16	89368798	89427001	+	0	NA	intron (NR_045839, intron 2 of 9)	intron (NR_045839, intron 2 of 9)	-33019	NR_110931	101927817	Hs.667942	NR_110931		LOC101927817	-	uncharacterized LOC101927817	ncRNA
*-48	chr10	33210848	33241751	+	0	NA	intron (NM_001244973, intron 6 of 16)	intron (NM_001244973, intron 6 of 16)	108368	NM_003873	8829	Hs.131704	NM_003873	ENSG00000099250	NRP1	BDCA4|CD304|NP1|NRP|VEGF165R	neuropilin 1	protein-coding
*-248	chr14	52852498	52948096	+	0	NA	intron (NM_006832, intron 3 of 14)	intron (NM_006832, intron 3 of 14)	50753	NM_006832	10979	Hs.509343	NM_006832	ENSG00000073712	FERMT2	KIND2|MIG2|PLEKHC1|UNC112|UNC112B|mig-2	fermitin family member 2	protein-coding
*-143	chr1	163033098	163057701	+	0	NA	Intergenic	L2c|LINE|L2	-23207	NM_001102445	5999	Hs.386726	NM_005613	ENSG00000117152	RGS4	RGP4|SCZD9	regulator of G protein signaling 4	protein-coding
*-221	chr5	169586632	169604651	+	0	NA	intron (NM_001329641, intron 7 of 11)	intron (NM_001329641, intron 7 of 11)	11561	NM_001329640	54908	Hs.368710	NM_017785	ENSG00000040275	SPDL1	CCDC99	spindle apparatus coiled-coil protein 1	protein-coding
*-3	chr2	46314748	46342901	+	0	NA	intron (NM_001430, intron 1 of 15)	MIR1_Amn|SINE|MIR	31417	NM_001430	2034	Hs.468410	NM_001430	ENSG00000116016	EPAS1	ECYT4|HIF2A|HLF|MOP2|PASD2|bHLHe73	endothelial PAS domain protein 1	protein-coding
*-41	chr4	158802948	158826551	+	0	NA	intron (NM_001366843, intron 1 of 17)	intron (NM_001366843, intron 1 of 17)	8910	NM_001366843	57600	Hs.652441	NM_020840	ENSG00000052795	FNIP2	FNIPL|MAPO1	folliculin interacting protein 2	protein-coding
*-42	chr4	185340298	185363101	+	0	NA	intron (NM_001317781, intron 14 of 18)	intron (NM_001317781, intron 14 of 18)	27299	NM_018409	55805	Hs.558513	NM_018409	ENSG00000109771	LRP2BP	-	LRP2 binding protein	protein-coding
*-211	chr5	107380398	107408851	+	0	NA	intron (NM_001962, intron 2 of 4)	intron (NM_001962, intron 2 of 4)	276313	NM_001962	1946	Hs.288741	NM_001962	ENSG00000184349	EFNA5	AF1|EFL5|EPLG7|GLC1M|LERK7|RAGS	ephrin A5	protein-coding
*-237	chr22	31217498	31253901	+	0	NA	intron (NM_005569, intron 2 of 15)	intron (NM_005569, intron 2 of 15)	-12685	NM_001031801	3985	Hs.474596	NM_005569	ENSG00000182541	LIMK2	-	LIM domain kinase 2	protein-coding
*-285	chr18	48612598	48661601	+	0	NA	intron (NM_014772, intron 3 of 11)	intron (NM_014772, intron 3 of 11)	-33501	NR_039897	100616366		NR_039897	ENSG00000266276	MIR4743	-	microRNA 4743	ncRNA
*-182	chr3	100001948	100045201	+	0	NA	intron (NM_001042459, intron 1 of 4)	intron (NM_001042459, intron 1 of 4)	-59176	NR_037486	100500859		NR_037486	ENSG00000264897	MIR3921	-	microRNA 3921	ncRNA
*-286	chr18	55470248	55521751	+	0	NA	intron (NM_001348217, intron 2 of 18)	intron (NM_001348217, intron 2 of 18)	14773	NM_001243231	6925	Hs.605153	NM_003199	ENSG00000196628	TCF4	E2-2|FECD3|ITF-2|ITF2|PTHS|SEF-2|SEF2|SEF2-1|SEF2-1A|SEF2-1B|SEF2-1D|TCF-4|bHLHb19	transcription factor 4	protein-coding
*-70	chr11	12156848	12238251	+	0	NA	intron (NR_144420, intron 3 of 27)	intron (NR_144420, intron 3 of 27)	33866	NR_106739	102466906		NR_106739	ENSG00000275373	MIR6124	hsa-mir-6124	microRNA 6124	ncRNA
*-99	chr17	17876448	17966301	+	0	NA	intron (NM_001288787, intron 1 of 13)	intron (NM_001288787, intron 1 of 13)	51026	NM_001288787	146691	Hs.462379	NM_144678	ENSG00000175662	TOM1L2	-	target of myb1 like 2 membrane trafficking protein	protein-coding
*-224	chr9	33305748	33338851	+	0	NA	intron (NM_002504, intron 9 of 23)	L1M4b|LINE|L1	31783	NM_001318758	4799	Hs.413074	NM_002504	ENSG00000086102	NFX1	NFX2|TEG-42|Tex42	nuclear transcription factor, X-box binding 1	protein-coding
*-105	chr7	18492448	18592001	+	0	NA	intron (NM_001204147, intron 1 of 9)	L2a|LINE|L2	32954	NM_001204147	9734	Hs.196054	NM_014707	ENSG00000048052	HDAC9	HD7|HD7b|HD9|HDAC|HDAC7|HDAC7B|HDAC9B|HDAC9FL|HDRP|MITR	histone deacetylase 9	protein-coding
*-214	chr5	140280248	140335801	+	0	NA	Intergenic	L1MEi|LINE|L1	-4923	NM_002622	5201	Hs.483564	NM_002622	ENSG00000113068	PFDN1	PDF|PFD1	prefoldin subunit 1	protein-coding
*-64	chr8	117927648	117958551	+	0	NA	intron (NM_000127, intron 1 of 10)	intron (NM_000127, intron 1 of 10)	-22186	NR_145799	109623457		NR_145799		SNORD168	-	small nucleolar RNA, C/D box 168	snoRNA
*-202	chr5	14146700	14285551	+	0	NA	intron (NM_007118, intron 1 of 56)	MIR|SINE|MIR	72783	NM_007118	7204	Hs.130031	NM_007118	ENSG00000038382	TRIO	ARHGEF23|MEBAS|MRD44|tgat	trio Rho guanine nucleotide exchange factor	protein-coding
*-106	chr7	18993798	19025251	+	0	NA	Intergenic	Intergenic	108112	NR_149001	7291	Hs.66744	NM_000474	ENSG00000122691	TWIST1	ACS3|BPES2|BPES3|CRS|CRS1|CSO|SCS|SWCOS|TWIST|bHLHa38	twist family bHLH transcription factor 1	protein-coding
*-59	chr8	22376998	22402201	+	0	NA	intron (NM_001351656, intron 2 of 10)	intron (NM_001351656, intron 2 of 10)	-3237	NM_001351660	23516	Hs.491232	NM_015359	ENSG00000104635	SLC39A14	HCIN|HMNDYT2|LZT-Hs4|NET34|ZIP14|cig19	solute carrier family 39 member 14	protein-coding
*-102	chr17	46026848	46083301	+	0	NA	intron (NM_001193466, intron 6 of 14).3	AluY|SINE|Alu	55824	NM_001007532	246744	Hs.661831	NM_001007532	ENSG00000256762	STH	MAPTIT	saitohin	protein-coding
*-206	chr5	76488898	76543601	+	0	NA	intron (NM_006633, intron 2 of 35)	L3|LINE|CR1	-31160	NM_001285460	10788	Hs.291030	NM_006633	ENSG00000145703	IQGAP2	-	IQ motif containing GTPase activating protein 2	protein-coding
*-114	chr7	92669498	92700751	+	0	NA	intron (NM_001259, intron 4 of 7)	intron (NM_001259, intron 4 of 7)	-94734	NR_109929	257415	Hs.18564	NM_152789	ENSG00000234545	FAM133B	-	family with sequence similarity 133 member B	protein-coding
*-124	chr1	15876748	15919451	+	0	NA	intron (NM_015001, intron 3 of 14)	intron (NM_015001, intron 3 of 14)	-49952	NR_024279	729614	Hs.119298	NR_024279	ENSG00000179743	FLJ37453	-	uncharacterized LOC729614	ncRNA
*-205	chr5	72110289	72284001	+	0	NA	exon (NM_005909, exon 5 of 7)	exon (NM_005909, exon 5 of 7)	17358	NM_001324255	4131	Hs.335079	NM_005909	ENSG00000131711	MAP1B	FUTSCH|MAP5|PPP1R102	microtubule associated protein 1B	protein-coding
*-84	chr11	120329348	120348301	+	0	NA	intron (NM_015313, intron 1 of 40)	LFSINE_Vert|SINE|tRNA	2411	NM_015313	23365	Hs.24598	NM_015313	ENSG00000196914	ARHGEF12	LARG|PRO2792	Rho guanine nucleotide exchange factor 12	protein-coding
*-111	chr7	69861698	69890351	+	0	NA	intron (NM_015570, intron 1 of 18)	intron (NM_015570, intron 1 of 18)	277549	NM_001127231	26053	Hs.21631	NM_015570	ENSG00000158321	AUTS2	FBRSL2|MRD26	activator of transcription and developmental regulator AUTS2	protein-coding
*-121	chr7	157355648	157418951	+	0	NA	TTS (NM_005494)	TTS (NM_005494)	50295	NM_058246	10049	Hs.490745	NM_005494	ENSG00000105993	DNAJB6	DJ4|DnaJ|HHDJ1|HSJ-2|HSJ2|LGMD1D|LGMD1E|LGMDD1|MRJ|MSJ-1	DnaJ heat shock protein family (Hsp40) member B6	protein-coding
*-243	chr22	46057143	46082995	+	0	NA	intron (NR_148973, intron 1 of 1)	intron (NR_148973, intron 1 of 1)	952	NR_148973	642648	Hs.631363	NR_148973		LOC642648	-	uncharacterized LOC642648	ncRNA
*-148	chr1	203663098	203697401	+	0	NA	intron (NM_001365784, intron 1 of 20)	intron (NM_001365784, intron 1 of 20)	-49332	NR_003019	677843	Hs.676135	NR_003019	ENSG00000221643	SNORA77	ACA63|SNORA77A	small nucleolar RNA, H/ACA box 77	snoRNA
*-78	chr11	86717848	86763301	+	0	NA	Intergenic	Intergenic	-50497	NM_001293180	11098	Hs.25338	NM_007173	ENSG00000150687	PRSS23	SIG13|SPUVE|ZSIG13	serine protease 23	protein-coding
*-282	chr16	89440248	89486351	+	0	NA	intron (NM_001256182, intron 1 of 13)	SVA_D|Retroposon|SVA	27262	NM_001256182	29123	Hs.335003	NM_013275	ENSG00000167522	ANKRD11	ANCO-1|ANCO1|LZ16|T13	ankyrin repeat domain 11	protein-coding
*-186	chr3	123732948	123803701	+	0	NA	intron (NM_053025, intron 4 of 33)	intron (NM_053025, intron 4 of 33)	78680	NR_046629	100873940	Hs.667316	NR_046629	ENSG00000250174	MYLK-AS2	-	MYLK antisense RNA 2	ncRNA
*-137	chr1	85548748	85585701	+	0	NA	intron (NM_001134445, intron 1 of 6)	MLT2B4|LTR|ERVL	10976	NM_001134445	23576	Hs.713411	NM_012137	ENSG00000153904	DDAH1	DDAH|DDAH-1|DDAHI|HEL-S-16	dimethylarginine dimethylaminohydrolase 1	protein-coding
*-185	chr3	120406898	120448070	+	0	NA	intron (NM_007085, intron 2 of 10)	intron (NM_007085, intron 2 of 10)	23508	NM_007085	11167	Hs.269512	NM_007085	ENSG00000163430	FSTL1	FRP|FSL1|MIR198|OCC-1|OCC1|tsc36	follistatin like 1	protein-coding
*-15	chr2	177215998	177261130	+	0	NA	intron (NM_001313903, intron 1 of 4)	MIRc|SINE|MIR	17446	NR_036075	100422824		NR_036075	ENSG00000265396	MIR3128	mir-3128	microRNA 3128	ncRNA
*-145	chr1	183026458	183071551	+	0	NA	intron (NM_002293, intron 1 of 27)	L2b|LINE|L2	25584	NM_002293	3915	Hs.609663	NM_002293	ENSG00000135862	LAMC1	LAMB2	laminin subunit gamma 1	protein-coding
*-60	chr8	32685848	32716151	+	0	NA	intron (NM_001322205, intron 1 of 8)	L2c|LINE|L2	-20754	NM_001159996	3084	Hs.453951	NM_004495	ENSG00000157168	NRG1	ARIA|GGF|GGF2|HGL|HRG|HRG1|HRGA|MST131|MSTP131|NDF|NRG1-IT2|SMDF	neuregulin 1	protein-coding
*-259	chr6	30725348	30784151	+	0	NA	Intergenic	L1ME1|LINE|L1	-10202	NM_003897	8870	Hs.76095	NM_003897	ENSG00000137331	IER3	DIF-2|DIF2|GLY96|IEX-1|IEX-1L|IEX1|PRG1	immediate early response 3	protein-coding
*-242	chr22	45677448	45732051	+	0	NA	intron (NM_013236, intron 5 of 11)	L1M4|LINE|L1	32915	NM_013236	25814	Hs.475125	NM_013236	ENSG00000130638	ATXN10	E46L|HUMEEP|SCA10	ataxin 10	protein-coding
*-146	chr1	198254598	198295951	+	0	NA	intron (NM_133494, intron 5 of 9)	intron (NM_133494, intron 5 of 9)	118276	NM_133494	140609	Hs.24119	NM_133494	ENSG00000151414	NEK7	-	NIMA related kinase 7	protein-coding
*-283	chr21	26143998	26167819	+	0	NA	intron (NM_001136131, intron 1 of 15)	AluY|SINE|Alu	14862	NM_001204303	351	Hs.434980	NM_000484	ENSG00000142192	APP	AAA|ABETA|ABPP|AD1|APPI|CTFgamma|CVAP|PN-II|PN2|preA4	amyloid beta precursor protein	protein-coding
*-74	chr11	65471698	65503201	+	0	NA	Intergenic	Intergenic	-10289	NR_002819	378938	Hs.621695	NR_002819	ENSG00000251562	MALAT1	HCN|LINC00047|NCRNA00047|NEAT2|PRO2853	metastasis associated lung adenocarcinoma transcript 1	ncRNA
*-188	chr3	134308648	134335151	+	0	NA	TTS (NR_146711)	TTS (NR_146711)	8323	NR_146711	105374119		NR_146711	ENSG00000240006	LINC02004	-	long intergenic non-protein coding RNA 2004	ncRNA
*-88	chr12	29276998	29287551	+	0	NA	non-coding (NR_103860, exon 6 of 7)	non-coding (NR_103860, exon 6 of 7)	35574	NR_103860	100506606	Hs.298851	NR_103860	ENSG00000257176	LOC100506606	-	uncharacterized LOC100506606	ncRNA
*-93	chr12	93775548	93788151	+	0	NA	intron (NM_001320100, intron 2 of 2)	L1MC5a|LINE|L1	-44026	NR_110093	101928731	Hs.659971	NR_110092	ENSG00000258274	LOC101928731	-	uncharacterized LOC101928731	ncRNA
*-179	chr3	57998448	58082501	+	0	NA	intron (NM_001164318, intron 1 of 45)	intron (NM_001164318, intron 1 of 45)	32052	NM_001164318	2317	Hs.476448	NM_001457	ENSG00000136068	FLNB	ABP-278|ABP-280|AOI|FH1|FLN-B|FLN1L|LRS1|SCT|TABP|TAP	filamin B	protein-coding
*-16	chr2	188968848	189023601	+	0	NA	TTS (NR_037401)	TTS (NR_037401)	594	NR_037401	100500837		NR_037401	ENSG00000284180	MIR3606	mir-3606	microRNA 3606	ncRNA
*-210	chr5	95711148	95794501	+	0	NA	intron (NM_014899, intron 5 of 11)	L1MC5a|LINE|L1	-20722	NM_001349303	83890	Hs.50499	NM_031952	ENSG00000145757	SPATA9	NYD-SP16	spermatogenesis associated 9	protein-coding
*-27	chr4	41142348	41206251	+	0	NA	intron (NM_173075, intron 1 of 16)	Charlie24|DNA|hAT-Charlie	40243	NM_004307	323	Hs.479602	NM_004307	ENSG00000163697	APBB2	FE65L|FE65L1	amyloid beta precursor protein binding family B member 2	protein-coding
*-269	chr6	166587948	166623801	+	0	NA	intron (NM_001006932, intron 2 of 21)	intron (NM_001006932, intron 2 of 21)	21377	NM_021135	6196	Hs.655277	NM_021135	ENSG00000071242	RPS6KA2	HU-2|MAPKAPK1C|RSK|RSK3|S6K-alpha|S6K-alpha2|p90-RSK3|p90RSK2|pp90RSK3	ribosomal protein S6 kinase A2	protein-coding
*-220	chr5	169140598	169187251	+	0	NA	intron (NM_003062, intron 4 of 35)	intron (NM_003062, intron 4 of 35)	99770	NR_030311	693170		NR_030311	ENSG00000207619	MIR585	MIRN585|hsa-mir-585|mir-585	microRNA 585	ncRNA
*-208	chr5	78566698	78641451	+	0	NA	intron (NM_005779, intron 2 of 4)	intron (NM_005779, intron 2 of 4)	44698	NM_005779	10184	Hs.79299	NM_005779	ENSG00000145685	LHFPL2	-	LHFPL tetraspan subfamily member 2	protein-coding
*-4	chr2	54468648	54607151	+	0	NA	intron (NM_003128, intron 2 of 35)	intron (NM_003128, intron 2 of 35)	8677	NR_002229	56969	Hs.657366	NM_020217		RPL23AP32	RPL23A_9_220	ribosomal protein L23a pseudogene 32	pseudo
*-31	chr4	76687448	76709901	+	0	NA	intron (NM_020859, intron 2 of 10)	intron (NM_020859, intron 2 of 10)	123123	NR_039655	100616254		NR_039655	ENSG00000283682	MIR548AH	-	microRNA 548ah	ncRNA
*-103	chr17	59745198	59860001	+	0	NA	intron (NM_001329400, intron 5 of 9)	intron (NM_001329400, intron 5 of 9)	-38667	NR_029493	406991	Hs.444569	NR_029493	ENSG00000284190	MIR21	MIRN21|hsa-mir-21|miR-21|miRNA21	microRNA 21	ncRNA
*-32	chr4	76722898	76784501	+	0	NA	intron (NM_020859, intron 6 of 10)	intron (NM_020859, intron 6 of 10)	144445	NM_001029870	345079	Hs.257292	NM_001029870	ENSG00000186212	SOWAHB	ANKRD56	sosondowah ankyrin repeat domain family member B	protein-coding
*-169	chr15	90399948	90424101	+	0	NA	intron (NM_003870, intron 2 of 37)	L1MB7|LINE|L1	23782	NM_003870	8826	Hs.430551	NM_003870	ENSG00000140575	IQGAP1	HUMORFA01|SAR1|p195	IQ motif containing GTPase activating protein 1	protein-coding
*-68	chr11	9564748	9593851	+	0	NA	intron (NM_003390, intron 5 of 10)	intron (NM_003390, intron 5 of 10)	4612	NM_001143976	7465	Hs.249441	NM_003390	ENSG00000166483	WEE1	WEE1A|WEE1hu	WEE1 G2 checkpoint kinase	protein-coding
*-53	chr10	74049648	74090251	+	0	NA	intron (NM_014000, intron 2 of 21)	intron (NM_014000, intron 2 of 21)	71833	NM_003373	7414	Hs.643896	NM_003373	ENSG00000035403	VCL	CMD1W|CMH15|HEL114|MV|MVCL	vinculin	protein-coding
*-120	chr7	134879598	134946501	+	0	NA	intron (NM_033139, intron 1 of 12)	AluSp|SINE|Alu	21591	NM_033140	800	Hs.490203	NM_004342	ENSG00000122786	CALD1	CDM|H-CAD|HCAD|L-CAD|LCAD|NAG22	caldesmon 1	protein-coding
*-110	chr7	47757898	47792289	+	0	NA	3' UTR (NM_138295, exon 57 of 57)	3' UTR (NM_138295, exon 57 of 57)	13617	NR_038407	84847	Hs.488236	NR_038407	ENSG00000146666	LINC00525	-	long intergenic non-protein coding RNA 525	ncRNA
*-17	chr2	189080998	189129951	+	0	NA	intron (NM_000393, intron 2 of 53)	L1ME4b|LINE|L1	27637	NR_036076	100422908		NR_036076	ENSG00000264725	MIR3129	mir-3129	microRNA 3129	ncRNA
*-26	chr4	26341748	26373351	+	0	NA	intron (NM_001363577, intron 1 of 10)	intron (NM_001363577, intron 1 of 10)	36321	NM_001363577	3516	Hs.479396	NM_005349	ENSG00000168214	RBPJ	AOS3|CBF1|IGKJRB|IGKJRB1|KBF2|RBP-J|RBPJK|RBPSUH|SUH|csl	recombination signal binding protein for immunoglobulin kappa J region	protein-coding
*	chr2	9225998	9312701	+	0	NA	intron (NM_003887, intron 1 of 27)	MER58D|DNA|hAT-Charlie	62537	NM_003887	8853	Hs.555902	NM_003887	ENSG00000151693	ASAP2	AMAP2|CENTB3|DDEF2|PAG3|PAP|Pap-alpha|SHAG1	ArfGAP with SH3 domain, ankyrin repeat and PH domain 2	protein-coding
*-279	chr16	70680848	70747401	+	0	NA	intron (NM_001351157, intron 13 of 17)	intron (NM_001351157, intron 13 of 17)	-28071	NM_138383	92154	Hs.432387	NM_138383	ENSG00000132613	MTSS2	ABBA|ABBA-1|ABBA1|MTSS1L	MTSS I-BAR domain containing 2	protein-coding
*-80	chr11	96045248	96167601	+	0	NA	intron (NM_032427, intron 1 of 4)	intron (NM_032427, intron 1 of 4)	-182217	NM_016156	8898	Hs.181326	NM_016156	ENSG00000087053	MTMR2	CMT4B|CMT4B1	myotubularin related protein 2	protein-coding
*-203	chr5	56818071	56850251	+	0	NA	intron (NM_005921, intron 1 of 19)	intron (NM_005921, intron 1 of 19)	18612	NM_005921	4214	Hs.653654	NM_005921	ENSG00000095015	MAP3K1	MAPKKK1|MEKK|MEKK 1|MEKK1|SRXY6	mitogen-activated protein kinase kinase kinase 1	protein-coding
*-108	chr7	28019748	28078651	+	0	NA	intron (NM_175061, intron 1 of 4)	AluSx1|SINE|Alu	-131258	NR_034097	100128081	Hs.434307	NR_034097		JAZF1-AS1	-	JAZF1 antisense RNA 1	ncRNA
*-142	chr1	162653748	162723901	+	0	NA	intron (NM_006182, intron 2 of 17)	intron (NM_006182, intron 2 of 17)	56360	NM_006182	4921	Hs.275757	NM_006182	ENSG00000162733	DDR2	MIG20a|NTRKR3|TKT|TYRO10|WRCN	discoidin domain receptor tyrosine kinase 2	protein-coding
*-159	chr13	97210898	97365251	+	0	NA	intron (NM_144778, intron 2 of 8)	Charlie18a|DNA|hAT-Charlie	65741	NM_144778	10150	Hs.657347	NM_144778	ENSG00000139793	MBNL2	MBLL|MBLL39|PRO2032	muscleblind like splicing regulator 2	protein-coding
*-246	chr14	51003798	51024851	+	0	NA	intron (NM_015163, intron 3 of 9)	intron (NM_015163, intron 3 of 9)	-69841	NM_001163940	5836	Hs.282417	NM_002863	ENSG00000100504	PYGL	GSD6	glycogen phosphorylase L	protein-coding
*-245	chr14	32444648	32524351	+	0	NA	intron (NM_004274, intron 2 of 13)	intron (NM_004274, intron 2 of 13)	155201	NM_004274	9472	Hs.509083	NM_004274	ENSG00000151320	AKAP6	ADAP100|ADAP6|AKAP100|PRKA6|mAKAP	A-kinase anchoring protein 6	protein-coding
*-25	chr4	15676348	15693351	+	0	NA	intron (NM_001145191, intron 1 of 1)	intron (NM_001145191, intron 1 of 1)	3022	NM_001145191	285550	Hs.399980	NM_001145191	ENSG00000237765	FAM200B	C4orf53	family with sequence similarity 200 member B	protein-coding
*-197	chr3	178168948	178207101	+	0	NA	Intergenic	Intergenic	-231177	NR_046786	100874330	Hs.201902	NR_046786	ENSG00000223941	LINC01014	KCNMB2-IT1	long intergenic non-protein coding RNA 1014	ncRNA
*-183	chr3	111850748	111917851	+	0	NA	exon (NM_001134438, exon 2 of 18)	exon (NM_001134438, exon 2 of 18)	24472	NM_001134439	90102	Hs.603252	NM_145753	ENSG00000144824	PHLDB2	LL5b|LL5beta	pleckstrin homology like domain family B member 2	protein-coding
*-219	chr5	168965198	169009101	+	0	NA	intron (NM_003062, intron 4 of 35)	intron (NM_003062, intron 4 of 35)	-26078	NR_109897	728095	Hs.145601	NR_109897		LOC728095	-	uncharacterized LOC728095	ncRNA
*-260	chr6	37126148	37146201	+	0	NA	Intergenic	Intergenic	-33978	NM_001243186	5292	Hs.81170	NM_002648	ENSG00000137193	PIM1	PIM	Pim-1 proto-oncogene, serine/threonine kinase	protein-coding
*-132	chr1	51619872	51673751	+	0	NA	intron (NM_148906, intron 1 of 22)	AluSx1|SINE|Alu	29719	NM_001350208	114883	Hs.21938	NM_024586	ENSG00000117859	OSBPL9	ORP-9|ORP9	oxysterol binding protein like 9	protein-coding
*-229	chr9	38008248	38049251	+	0	NA	intron (NM_003028, intron 1 of 5)	L1ME4a|LINE|L1	40478	NM_003028	6461	Hs.521482	NM_003028	ENSG00000107338	SHB	bA3J10.2	SH2 domain containing adaptor protein B	protein-coding
*-236	chr22	24283398	24334101	+	0	NA	intron (NM_015330, intron 3 of 16)	L1MC4a|LINE|L1	-33359	NM_001254733	23384	Hs.474384	NM_015330	ENSG00000100014	SPECC1L	CYTSA|GBBB2|OBLFC1|TBHS	sperm antigen with calponin homology and coiled-coil domains 1 like	protein-coding
*-198	chr3	178259848	178326951	+	0	NA	Intergenic	LTR1A2|LTR|ERV1	-125802	NR_046786	100874330	Hs.201902	NR_046786	ENSG00000223941	LINC01014	KCNMB2-IT1	long intergenic non-protein coding RNA 1014	ncRNA
*-170	chr15	90550548	90564101	+	0	NA	intron (NM_001042574, intron 2 of 14)	intron (NM_001042574, intron 2 of 14)	27401	NM_022769	64784	Hs.567572	NM_022769	ENSG00000140577	CRTC3	TORC-3|TORC3	CREB regulated transcription coactivator 3	protein-coding
*-89	chr12	45223348	45314051	+	0	NA	intron (NM_001025356, intron 1 of 19)	intron (NM_001025356, intron 1 of 19)	-23991	NM_001142678	196527	Hs.505339	NM_001025356	ENSG00000177119	ANO6	BDPLT7|SCTS|TMEM16F	anoctamin 6	protein-coding
*-11	chr2	157825848	157841351	+	0	NA	intron (NM_001347664, intron 1 of 11)	intron (NM_001347664, intron 1 of 11)	5031	NM_001347667	90	Hs.470316	NM_001105	ENSG00000115170	ACVR1	ACTRI|ACVR1A|ACVRLK2|ALK2|FOP|SKR1|TSRI	activin A receptor type 1	protein-coding
*-12	chr2	160204848	160243551	+	0	NA	Intergenic	Intergenic	-23886	NM_001282354	3694	Hs.470399	NM_000888	ENSG00000115221	ITGB6	AI1H	integrin subunit beta 6	protein-coding
*-235	chr22	24132748	24175251	+	0	NA	intron (NM_012295, intron 29 of 36)	intron (NM_012295, intron 29 of 36)	-27488	NM_019601	56241	Hs.131819	NM_019601	ENSG00000099994	SUSD2	BK65A6.2|W5C5	sushi domain containing 2	protein-coding
*-36	chr4	114242048	114284101	+	0	NA	Intergenic	Intergenic	-283427	NM_001354210	79642	Hs.22895	NM_024590	ENSG00000180801	ARSJ	ASJ	arylsulfatase family member J	protein-coding
*-250	chr14	69056698	69097301	+	0	NA	intron (NM_003861, intron 6 of 8)	intron (NM_003861, intron 6 of 8)	75600	NM_001284207	8816	Hs.509780	NM_003861	ENSG00000139990	DCAF5	BCRG2|BCRP2|D14S1461E|WDR22	DDB1 and CUL4 associated factor 5	protein-coding
*-54	chr10	77494248	77535201	+	0	NA	intron (NM_001271519, intron 1 of 28)	intron (NM_001271519, intron 1 of 28)	123084	NM_001161353	3778	Hs.144795	NM_002247	ENSG00000156113	KCNMA1	BKTM|CADEDS|KCa1.1|MaxiK|PNKD3|SAKCA|SLO|SLO-ALPHA|SLO1|bA205K10.1|hSlo|mSLO1	potassium calcium-activated channel subfamily M alpha 1	protein-coding
*-107	chr7	23449698	23478301	+	0	NA	intron (NM_006547, intron 2 of 14)	intron (NM_006547, intron 2 of 14)	6492	NM_006547	10643	Hs.700696	NM_006547	ENSG00000136231	IGF2BP3	CT98|IMP-3|IMP3|KOC|KOC1|VICKZ3	insulin like growth factor 2 mRNA binding protein 3	protein-coding
*-35	chr4	113890698	113976721	+	0	NA	intron (NM_001354211, intron 4 of 6)	L1MA4|LINE|L1	45938	NM_001354211	79642	Hs.22895	NM_024590	ENSG00000180801	ARSJ	ASJ	arylsulfatase family member J	protein-coding
*-94	chr12	108628748	108698401	+	0	NA	intron (NM_001105237, intron 3 of 10)	L1MB7|LINE|L1	27764	NR_039717	100616240		NR_039717	ENSG00000284388	MIR4496	-	microRNA 4496	ncRNA
*-207	chr5	78483398	78542801	+	0	NA	intron (NM_005779, intron 3 of 4)	intron (NM_005779, intron 3 of 4)	135673	NM_005779	10184	Hs.79299	NM_005779	ENSG00000145685	LHFPL2	-	LHFPL tetraspan subfamily member 2	protein-coding
*-150	chr1	218449848	218501301	+	0	NA	intron (NR_031644, intron 2 of 6)	intron (NR_031644, intron 2 of 6)	32948	NR_125715	103611157	Hs.133379	NR_125715	ENSG00000281453	TGFB2-OT1	-	TGFB2 overlapping transcript 1	ncRNA
*-69	chr11	11967748	12002851	+	0	NA	intron (NM_015881, intron 4 of 7)	intron (NM_015881, intron 4 of 7)	23340	NM_001018057	27122	Hs.292156	NM_013253	ENSG00000050165	DKK3	REIC|RIG	dickkopf WNT signaling pathway inhibitor 3	protein-coding
*-22	chr2	231102598	231180501	+	0	NA	intron (NM_001191037, intron 17 of 23)	AluJo|SINE|Alu	-16507	NM_001320758	3357	Hs.421649	NM_000867	ENSG00000135914	HTR2B	5-HT(2B)|5-HT-2B|5-HT2B	5-hydroxytryptamine receptor 2B	protein-coding
*-187	chr3	128758648	128806351	+	0	NA	intron (NM_004637, intron 1 of 5)	intron (NM_004637, intron 1 of 5)	56363	NM_004637	7879	Hs.684374	NM_004637	ENSG00000075785	RAB7A	PRO2706|RAB7	RAB7A, member RAS oncogene family	protein-coding
*-135	chr1	85313098	85385301	+	0	NA	intron (NM_001134445, intron 5 of 6)	intron (NM_001134445, intron 5 of 6)	55307	NM_001330655	23576	Hs.713411	NM_012137	ENSG00000153904	DDAH1	DDAH|DDAH-1|DDAHI|HEL-S-16	dimethylarginine dimethylaminohydrolase 1	protein-coding
*-270	chr19	13839658	13866051	+	0	NA	Intergenic	AluSc8|SINE|Alu	-9182	NR_146095	342977	Hs.127982	NM_001098622	ENSG00000187556	NANOS3	NANOS1L|NOS3|ZC2HC12C	nanos C2HC-type zinc finger 3	protein-coding
*-21	chr2	223034498	223094701	+	0	NA	Intergenic	Intergenic	12669	NM_080671	23704	Hs.348522	NM_080671	ENSG00000152049	KCNE4	MIRP3	potassium voltage-gated channel subfamily E regulatory subunit 4	protein-coding
*-232	chr9	129480398	129503501	+	0	NA	intron (NR_038955, intron 1 of 4)	AluSx1|SINE|Alu	3289	NR_038955	100506190	Hs.529860	NR_038955		LINC00963	MetaLnc9	long intergenic non-protein coding RNA 963	ncRNA
*-160	chr15	32818748	32879001	+	0	NA	intron (NM_001277313, intron 17 of 20)	MamRep1894|DNA|hAT	-130009	NR_109767	100131315	Hs.610545	NR_109767	ENSG00000259721	LOC100131315	-	uncharacterized LOC100131315	ncRNA
*-136	chr1	85427448	85462205	+	0	NA	intron (NM_001134445, intron 2 of 6)	MLT2A1|LTR|ERVL	20333	NM_012137	23576	Hs.713411	NM_012137	ENSG00000153904	DDAH1	DDAH|DDAH-1|DDAHI|HEL-S-16	dimethylarginine dimethylaminohydrolase 1	protein-coding
*-129	chr1	39102948	39272851	+	0	NA	intron (NM_012090, intron 1 of 92)	(TC)n|Simple_repeat|Simple_repeat	103732	NM_012090	23499	Hs.472475	NM_012090	ENSG00000127603	MACF1	ABP620|ACF7|LIS9|MACF|OFC4	microtubule actin crosslinking factor 1	protein-coding
*-193	chr3	160394898	160434051	+	0	NA	exon (NM_005496, exon 8 of 23)	exon (NM_005496, exon 8 of 23)	9729	NR_029525	406951		NR_029525	ENSG00000198987	MIR16-2	MIRN16-2|mir-16-2|mir-16-3	microRNA 16-2	ncRNA
*-119	chr7	134809198	134848151	+	0	NA	intron (NM_033157, intron 1 of 14)	MIRc|SINE|MIR	49040	NM_033157	800	Hs.490203	NM_004342	ENSG00000122786	CALD1	CDM|H-CAD|HCAD|L-CAD|LCAD|NAG22	caldesmon 1	protein-coding
*-73	chr11	57764760	57800701	+	0	NA	intron (NM_001085467, intron 1 of 16)	MER57B1|LTR|ERV1	20928	NM_001085464	1500	Hs.166011	NM_001331	ENSG00000198561	CTNND1	BCDS2|CAS|CTNND|P120CAS|P120CTN|p120|p120(CAS)|p120(CTN)	catenin delta 1	protein-coding
*-37	chr4	119477748	119536901	+	0	NA	intron (NM_033437, intron 16 of 20)	intron (NM_033437, intron 16 of 20)	52541	NR_037630	645513	Hs.677546	NR_037630	ENSG00000245958	LOC645513	-	septin 7 pseudogene	pseudo
*-83	chr11	118739548	118774551	+	0	NA	intron (NM_001257191, intron 10 of 13)	MIRc|SINE|MIR	33899	NM_001257191	1656	Hs.408461	NM_004397	ENSG00000110367	DDX6	HLR2|P54|RCK	DEAD-box helicase 6	protein-coding
*-45	chr10	17198948	17218401	+	0	NA	Intergenic	Intergenic	-6603	NM_001351220	1787	Hs.351665	NM_004412	ENSG00000107614	TRDMT1	DMNT2|DNMT2|MHSAIIP|PUMET|RNMT1	tRNA aspartic acid methyltransferase 1	protein-coding
*-251	chr14	71320448	71416701	+	0	NA	intron (NM_001354285, intron 2 of 24)	L1PA2|LINE|L1	-29763	NR_001276	319139		NR_001276	ENSG00000207444	SNORD56B	RNU56B	small nucleolar RNA, C/D box 56B	snoRNA
*-233	chr9	131394098	131442601	+	0	NA	Intergenic	Intergenic	-11741	NM_013318	84726	Hs.743955	NM_013318	ENSG00000130723	PRRC2B	BAT2L|BAT2L1|KIAA0515|LQFBS-1	proline rich coiled-coil 2B	protein-coding
*-192	chr3	159760748	159788351	+	0	NA	intron (NM_001197113, intron 5 of 10)	intron (NM_001197113, intron 5 of 10)	-5937	NR_121669	100874433	Hs.601476	NR_121669		IQCJ-SCHIP1-AS1	uaz98	IQCJ-SCHIP1 readthrough antisense RNA 1	ncRNA
*-138	chr1	93606098	93645601	+	0	NA	intron (NM_001261409, intron 3 of 11)	intron (NM_001261409, intron 3 of 11)	-11752	NM_001261410	8412	Hs.36958	NM_003567	ENSG00000137936	BCAR3	AND-34|NSP2|SH2D3B	BCAR3 adaptor protein, NSP family member	protein-coding
*-50	chr10	61991498	62095251	+	0	NA	intron (NM_032199, intron 4 of 9)	intron (NM_032199, intron 4 of 9)	-5983	NM_001244638	84159	Hs.535297	NM_032199	ENSG00000150347	ARID5B	DESRT|MRF-2|MRF2	AT-rich interaction domain 5B	protein-coding
*-174	chr3	8504805	8566501	+	0	NA	intron (NM_001278234, intron 2 of 4)	intron (NM_001278234, intron 2 of 4)	33830	NM_001278235	29995	Hs.475353	NM_014583	ENSG00000071282	LMCD1	-	LIM and cysteine rich domains 1	protein-coding
*-147	chr1	203506148	203560001	+	0	NA	Intergenic	AluSz|SINE|Alu	38921	NM_014359	26254	Hs.632468	NM_014359	ENSG00000188770	OPTC	OPT	opticin	protein-coding
*-264	chr6	108563864	108622401	+	0	NA	intron (NM_201559, intron 2 of 3)	intron (NM_201559, intron 2 of 3)	32215	NM_001455	2309	Hs.220950	NM_001455	ENSG00000118689	FOXO3	AF6q21|FKHRL1|FKHRL1P2|FOXO2|FOXO3A	forkhead box O3	protein-coding
*-261	chr6	44655048	44669401	+	0	NA	Intergenic	MER20|DNA|hAT-Charlie	-110343	NR_134609	105375075	Hs.123393	NR_134609		LOC105375075	-	uncharacterized LOC105375075	ncRNA
*-46	chr10	28539748	28607351	+	0	NA	intron (NM_100486, intron 3 of 12)	intron (NM_100486, intron 3 of 12)	40431	NM_100486	51322	Hs.743224	NM_016628	ENSG00000095787	WAC	BM-016|DESSH|PRO1741|Wwp4	WW domain containing adaptor with coiled-coil	protein-coding
*-171	chr15	98718198	98736951	+	0	NA	intron (NM_000875, intron 2 of 20)	intron (NM_000875, intron 2 of 20)	-56852	NR_039864	100616432		NR_039864	ENSG00000264480	MIR4714	-	microRNA 4714	ncRNA
*-98	chr17	4200998	4249751	+	0	NA	intron (NR_047571, intron 2 of 23)	intron (NR_047571, intron 2 of 23)	38473	NM_001257999	51479	Hs.696087	NM_016376	ENSG00000185722	ANKFY1	ANKHZN|BTBD23|ZFYVE14	ankyrin repeat and FYVE domain containing 1	protein-coding
*-254	chr20	35864298	35902101	+	0	NA	intron (NM_016436, intron 9 of 17)	AluJr|SINE|Alu	71427	NM_033630	51282	Hs.584909	NM_016558	ENSG00000171222	SCAND1	RAZ1|SDP1	SCAN domain containing 1	protein-coding
*-271	chr19	15283450	15331801	+	0	NA	intron (NM_001330384, intron 1 of 11)	intron (NM_001330384, intron 1 of 11)	24914	NM_001330384	23476	Hs.187763	NM_014299	ENSG00000141867	BRD4	CAP|HUNK1|HUNKI|MCAP	bromodomain containing 4	protein-coding
*-47	chr10	32938557	32963651	+	0	NA	intron (NM_002211, intron 1 of 15)	intron (NM_002211, intron 1 of 15)	6790	NM_133376	3688	Hs.643813	NM_002211	ENSG00000150093	ITGB1	CD29|FNRB|GPIIA|MDF2|MSK12|VLA-BETA|VLAB	integrin subunit beta 1	protein-coding
*-161	chr15	33126698	33165451	+	0	NA	intron (NM_001277313, intron 4 of 20)	AluSx3|SINE|Alu	48640	NM_001277314	342184	Hs.657649	NM_198500	ENSG00000248905	FMN1	FMN|LD	formin 1	protein-coding
*-154	chr1	243246598	243291601	+	0	NA	intron (NM_006642, intron 1 of 17).2	MLT1H1|LTR|ERVL-MaLR	13058	NM_006642	10806	Hs.591530	NM_006642	ENSG00000054282	SDCCAG8	BBS16|CCCAP|CCCAP SLSN7|HSPC085|NPHP10|NY-CO-8|SLSN7|hCCCAP	serologically defined colon cancer antigen 8	protein-coding
*-58	chr10	126198348	126264901	+	0	NA	intron (NM_001288974, intron 3 of 18)	L2|LINE|L2	156853	NM_003474	8038	Hs.594351	NM_003474	ENSG00000148848	ADAM12	ADAM12-OT1|CAR10|MCMP|MCMPMltna|MLTN|MLTNA	ADAM metallopeptidase domain 12	protein-coding
*-63	chr8	97983248	98039216	+	0	NA	intron (NM_002380, intron 10 of 18)	MLT1A|LTR|ERVL-MaLR	30985	NR_002581	26775	Hs.684855	NR_002581	ENSG00000207067	SNORA72	RNU72|U72	small nucleolar RNA, H/ACA box 72	snoRNA
*-2	chr2	36339748	36515551	+	0	NA	intron (NM_016441, intron 2 of 16)	intron (NM_016441, intron 2 of 16)	71871	NM_016441	51232	Hs.699247	NM_016441	ENSG00000150938	CRIM1	CRIM-1|S52	cysteine rich transmembrane BMP regulator 1	protein-coding
*-196	chr3	177101848	177158051	+	0	NA	intron (NM_001321194, intron 1 of 16)	AluSx|SINE|Alu	66529	NM_001321193	79718	Hs.714201	NM_024665	ENSG00000177565	TBL1XR1	C21|DC42|IRA1|MRD41|TBLR1	transducin beta like 1 X-linked receptor 1	protein-coding
*-238	chr22	36307298	36398351	+	0	NA	intron (NM_002473, intron 1 of 40)	MER5A|DNA|hAT-Charlie	35243	NM_002473	4627	Hs.474751	NM_002473	ENSG00000100345	MYH9	BDPLT6|DFNA17|EPSTS|FTNS|MATINS|MHA|NMHC-II-A|NMMHC-IIA|NMMHCA	myosin heavy chain 9	protein-coding
*-133	chr1	66517298	66635601	+	0	NA	intron (NM_001350218, intron 1 of 22)	MIRb|SINE|MIR	42296	NM_032291	84251	Hs.132121	NM_032291	ENSG00000118473	SGIP1	-	SH3 domain GRB2 like endophilin interacting protein 1	protein-coding
*-195	chr3	172114948	172182951	+	0	NA	intron (NM_001135095, intron 3 of 25)	intron (NM_001135095, intron 3 of 25)	108418	NM_001135095	64778	Hs.744888	NM_022763	ENSG00000075420	FNDC3B	FAD104|PRO4979|YVTM2421	fibronectin type III domain containing 3B	protein-coding
*-151	chr1	223704648	223734151	+	0	NA	intron (NM_001146068, intron 2 of 20)	AluSx1|SINE|Alu	6860	NM_001748	824	Hs.350899	NM_001748	ENSG00000162909	CAPN2	CANP2|CANPL2|CANPml|mCANP	calpain 2	protein-coding
*-90	chr12	51387448	51421051	+	0	NA	intron (NM_001258401, intron 1 of 24)	MamGyp-int|LTR|Gypsy	-12843	NM_007210	11226	Hs.505575	NM_007210	ENSG00000139629	GALNT6	GALNAC-T6|GalNAcT6	polypeptide N-acetylgalactosaminyltransferase 6	protein-coding
*-247	chr14	51521948	51555551	+	0	NA	intron (NM_001042481, intron 1 of 14)	L1MB7|LINE|L1	49621	NM_001042481	122786	Hs.434914	NM_152330	ENSG00000139926	FRMD6	C14orf31|EX1|Willin|c14_5320	FERM domain containing 6	protein-coding
*-164	chr15	44028098	44116051	+	0	NA	intron (NM_032892, intron 1 of 13)	AluSx1|SINE|Alu	122372	NM_001286490	84978	Hs.578544	NM_032892	ENSG00000171877	FRMD5	-	FERM domain containing 5	protein-coding
*-274	chr19	47094148	47123101	+	0	NA	intron (NM_015168, intron 2 of 14)	intron (NM_015168, intron 2 of 14)	5152	NM_015168	23211	Hs.104661	NM_015168	ENSG00000130749	ZC3H4	C19orf7	zinc finger CCCH-type containing 4	protein-coding
*-79	chr11	94771340	94807201	+	0	NA	intron (NM_001301007, intron 1 of 11)	AluSx1|SINE|Alu	20914	NM_001301007	154810	Hs.503594	NM_130847	ENSG00000166025	AMOTL1	JEAP	angiomotin like 1	protein-coding
*-14	chr2	174577848	174616551	+	0	NA	intron (NM_001077269, intron 1 of 7)	intron (NM_001077269, intron 1 of 7)	37406	NM_003387	7456	Hs.128067	NM_003387	ENSG00000115935	WIPF1	PRPL-2|WAS2|WASPIP|WIP	WAS/WASL interacting protein family member 1	protein-coding
*-191	chr3	149534298	149581851	+	0	NA	intron (NM_001348362, intron 6 of 9)	intron (NM_001348362, intron 6 of 9)	83377	NM_004617	7104	Hs.133527	NM_004617	ENSG00000169903	TM4SF4	ILTMP|il-TMP	transmembrane 4 L six family member 4	protein-coding
*-155	chr13	33212948	33264201	+	0	NA	intron (NM_001243476, intron 5 of 17)	intron (NM_001243476, intron 5 of 17)	-32524	NM_001243474	90627	Hs.156551	NM_052851	ENSG00000133121	STARD13	ARHGAP37|DLC2|GT650|LINC00464	StAR related lipid transfer domain containing 13	protein-coding
*-252	chr14	100017498	100046401	+	0	NA	intron (NM_001330221, intron 1 of 13)	intron (NM_001330221, intron 1 of 13)	-33473	NM_016337	51466	Hs.125867	NM_016337	ENSG00000196405	EVL	RNB6	Enah/Vasp-like	protein-coding
*-249	chr14	64917648	64937951	+	0	NA	intron (NM_001202559, intron 3 of 13)	FLAM_A|SINE|Alu	13344	NM_001202558	100529261	Hs.325531	NM_001202558	ENSG00000125954	CHURC1-FNTB	FNTB|FTase-beta	CHURC1-FNTB readthrough	protein-coding
*-156	chr13	36880698	36917151	+	0	NA	intron (NM_001127217, intron 1 of 6)	L1M5|LINE|L1	21314	NM_005905	4093	Hs.123119	NM_005905	ENSG00000120693	SMAD9	MADH6|MADH9|PPH2|SMAD8|SMAD8/9|SMAD8A|SMAD8B	SMAD family member 9	protein-coding
*-75	chr11	66066198	66134001	+	0	NA	intron (NM_018026, intron 1 of 23)	AluSq2|SINE|Alu	29827	NM_018026	55690	Hs.644326	NM_018026	ENSG00000175115	PACS1	MRD17|SHMS	phosphofurin acidic cluster sorting protein 1	protein-coding
*-165	chr15	48532698	48575601	+	0	NA	intron (NM_000138, intron 6 of 65)	MIR1_Amn|SINE|MIR	91639	NM_000138	2200	Hs.591133	NM_000138	ENSG00000166147	FBN1	ACMICD|ECTOL1|FBN|GPHYSD2|MASS|MFLS|MFS1|OCTD|SGS|SSKS|WMS|WMS2	fibrillin 1	protein-coding
*-172	chr15	98842148	98928101	+	0	NA	intron (NM_000875, intron 2 of 20)	intron (NM_000875, intron 2 of 20)	100698	NR_039864	100616432		NR_039864	ENSG00000264480	MIR4714	-	microRNA 4714	ncRNA
*-276	chr16	24970998	25011251	+	0	NA	intron (NM_001006634, intron 1 of 19)	intron (NM_001006634, intron 1 of 19)	24245	NM_001006634	55114	Hs.373793	NM_018054	ENSG00000140750	ARHGAP17	MST066|MST110|MSTP038|MSTP066|MSTP110|NADRIN|PP367|PP4534|RICH-1|RICH1|WBP15	Rho GTPase activating protein 17	protein-coding
*-130	chr1	39375748	39427701	+	0	NA	intron (NM_012090, intron 52 of 92)	intron (NM_012090, intron 52 of 92)	-7349	NM_015038	643314	Hs.658760	NM_015038	ENSG00000127603	KIAA0754	-	KIAA0754	protein-coding
*-262	chr6	52503198	52574063	+	0	NA	intron (NM_012288, intron 1 of 10)	MER5B|DNA|hAT-Charlie	38430	NM_012288	9697	Hs.520182	NM_012288	ENSG00000065308	TRAM2	-	translocation associated membrane protein 2	protein-coding
*-52	chr10	71835248	71861901	+	0	NA	intron (NM_001042465, intron 1 of 14)	intron (NM_001042465, intron 1 of 14)	2677	NM_001042466	5660	Hs.523004	NM_002778	ENSG00000197746	PSAP	GLBA|SAP1	prosaposin	protein-coding
*-166	chr15	60358048	60443901	+	0	NA	Intergenic	MLT1G1|LTR|ERVL-MaLR	-2988	NM_004039	302	Hs.511605	NM_004039	ENSG00000182718	ANXA2	ANX2|ANX2L4|CAL1H|HEL-S-270|LIP2|LPC2|LPC2D|P36|PAP-IV	annexin A2	protein-coding
*-51	chr10	62224098	62264501	+	0	NA	intron (NM_001282941, intron 3 of 4)	intron (NM_001282941, intron 3 of 4)	24545	NM_145307	219790	Hs.58559	NM_145307	ENSG00000182010	RTKN2	PLEKHK1|bA531F24.1	rhotekin 2	protein-coding
*-275	chr16	24734748	24822651	+	0	NA	intron (NM_014494, intron 5 of 24)	MIRb|SINE|MIR	49048	NM_014494	27327	Hs.655057	NM_014494	ENSG00000090905	TNRC6A	CAGH26|FAME6|GW1|GW182|TNRC6	trinucleotide repeat containing adaptor 6A	protein-coding
*-76	chr11	72023998	72043951	+	0	NA	intron (NR_104476, intron 3 of 24)	AluJr4|SINE|Alu	19683	NR_104178	100128494	Hs.713607	NR_104178	ENSG00000251143	LOC100128494	-	uncharacterized LOC100128494	ncRNA
*-194	chr3	171345248	171395851	+	0	NA	intron (NM_001161563, intron 1 of 31)	intron (NM_001161563, intron 1 of 31)	89856	NM_001161560	23043	Hs.34024	NM_015028	ENSG00000154310	TNIK	MRT54	TRAF2 and NCK interacting kinase	protein-coding
*-175	chr3	8928148	8957701	+	0	NA	intron (NM_020165, intron 4 of 12)	intron (NM_020165, intron 4 of 12)	20548	NM_020165	56852	Hs.375684	NM_020165	ENSG00000070950	RAD18	RNF73	RAD18 E3 ubiquitin protein ligase	protein-coding
*-230	chr9	112031948	112082301	+	0	NA	intron (NM_022486, intron 14 of 16)	MLT1A|LTR|ERVL-MaLR	118173	NM_001282640	64420	Hs.494827	NM_022486	ENSG00000106868	SUSD1	-	sushi domain containing 1	protein-coding
*-162	chr15	36977798	37137951	+	0	NA	intron (NM_172316, intron 7 of 12)	intron (NM_172316, intron 7 of 12)	40822	NM_172315	4212	Hs.510989	NM_002399	ENSG00000134138	MEIS2	CPCMR|HsT18361|MRG1	Meis homeobox 2	protein-coding
*-266	chr6	151022148	151071401	+	0	NA	intron (NM_001350486, intron 26 of 27)	intron (NM_001350486, intron 26 of 27)	39766	NM_001350490	25902	Hs.591343	NM_015440	ENSG00000120254	MTHFD1L	FTHFSDC1|MTC1THFS|dJ292B18.2	methylenetetrahydrofolate dehydrogenase (NADP+ dependent) 1 like	protein-coding
*-272	chr19	17078948	17138251	+	0	NA	intron (NM_001130065, intron 2 of 39)	intron (NM_001130065, intron 2 of 39)	16364	NR_145784	109623483		NR_145784		SNORA118	-	small nucleolar RNA, H/ACA box 118	snoRNA
*-92	chr12	78867667	78899001	+	0	NA	intron (NM_001291901, intron 1 of 9)	intron (NM_001291901, intron 1 of 9)	18560	NM_001291901	6857	Hs.310545	NM_005639	ENSG00000067715	SYT1	BAGOS|P65|SVP65|SYT	synaptotagmin 1	protein-coding
*-176	chr3	15766848	15817451	+	0	NA	intron (NM_001349284, intron 2 of 2)	L1MA1|LINE|L1	5830	NM_001349281	23243	Hs.335239	NM_015199	ENSG00000206560	ANKRD28	PITK|PPP1R65	ankyrin repeat domain 28	protein-coding
*-91	chr12	67651730	67681601	+	0	NA	Intergenic	Intergenic	17920	NM_006482	8445	Hs.173135	NM_003583	ENSG00000127334	DYRK2	-	dual specificity tyrosine phosphorylation regulated kinase 2	protein-coding
*-265	chr6	140043648	140073501	+	0	NA	intron (NR_121623, intron 1 of 1)	AluSx|SINE|Alu	-67313	NR_121624	103352541	Hs.582647	NR_121624		LOC103352541	-	uncharacterized LOC103352541	ncRNA
*-77	chr11	74121748	74163301	+	0	NA	intron (NM_001286577, intron 3 of 32)	L2c|LINE|L2	28478	NM_015531	26005	Hs.557938	NM_015531	ENSG00000168014	C2CD3	OFD14	C2 domain containing 3 centriole elongation regulator	protein-coding
*-33	chr4	76952712	77066251	+	0	NA	intron (NM_001306147, intron 5 of 11)	L2|LINE|L2	59729	NM_001306147	55752	Hs.128199	NM_018243	ENSG00000138758	SEPTIN11	SEPT11	septin 11	protein-coding
*-149	chr1	204408248	204440051	+	0	NA	3' UTR (NM_002646, exon 34 of 34)	3' UTR (NM_002646, exon 34 of 34)	-12332	NM_032833	84919	Hs.304376	NM_032833	ENSG00000158615	PPP1R15B	CREP|MSSGM2	protein phosphatase 1 regulatory subunit 15B	protein-coding
*-152	chr1	223747398	223789651	+	0	NA	intron (NM_001146068, intron 16 of 20)	L1PA3|LINE|L1	55985	NM_001748	824	Hs.350899	NM_001748	ENSG00000162909	CAPN2	CANP2|CANPL2|CANPml|mCANP	calpain 2	protein-coding
*-256	chr20	49676198	49705301	+	0	NA	intron (NM_004776, intron 1 of 8)	intron (NM_004776, intron 1 of 8)	23129	NM_004776	9334	Hs.370487	NM_004776	ENSG00000158470	B4GALT5	B4Gal-T5|BETA4-GALT-IV|beta4Gal-T5|beta4GalT-V|gt-V	beta-1,4-galactosyltransferase 5	protein-coding
*-255	chr20	36464898	36516851	+	0	NA	intron (NM_183006, intron 1 of 6)	intron (NM_183006, intron 1 of 6)	29079	NM_183006	22839	Hs.249600	NM_014902	ENSG00000080845	DLGAP4	DAP-4|DAP4|DLP4|SAPAP-4|SAPAP4	DLG associated protein 4	protein-coding
*-24	chr2	237674548	237734451	+	0	NA	intron (NM_001137551, intron 1 of 11)	intron (NM_001137551, intron 1 of 11)	12294	NM_001137553	9208	Hs.471779	NM_004735	ENSG00000124831	LRRFIP1	FLAP-1|FLAP1|FLIIAP1|GCF-2|GCF2|HUFI-1|TRIP	LRR binding FLII interacting protein 1	protein-coding
*-49	chr10	52516048	52542901	+	0	NA	Intergenic	L1PB|LINE|L1	-58941	NR_120641	101928687	Hs.380362	NR_120641	ENSG00000231131	LNCAROD	A-ROD|LINC01468|lnc-MBL2-4	lncRNA activating regulator of DKK1	ncRNA
*-153	chr1	234956998	235001201	+	0	NA	Intergenic	Intergenic	-15100	NR_125945	101927851	Hs.520684	NR_125945	ENSG00000238005	LOC101927851	-	uncharacterized LOC101927851	ncRNA
*-258	chr6	11161398	11228301	+	0	NA	intron (NM_001271033, intron 1 of 5)	intron (NM_001271033, intron 1 of 5)	37819	NM_006403	4739	Hs.37982	NM_006403	ENSG00000111859	NEDD9	CAS-L|CAS2|CASL|CASS2|HEF1	neural precursor cell expressed, developmentally down-regulated 9	protein-coding
*-131	chr1	42924548	42953701	+	0	NA	intron (NM_006516, intron 2 of 9)	intron (NM_006516, intron 2 of 9)	19744	NM_006516	6513	Hs.473721	NM_006516	ENSG00000117394	SLC2A1	CSE|DYT17|DYT18|DYT9|EIG12|GLUT|GLUT-1|GLUT1|GLUT1DS|HTLVR|PED|SDCHCN	solute carrier family 2 member 1	protein-coding
*-127	chr1	30961598	31055101	+	0	NA	intron (NM_001020658, intron 3 of 21)	intron (NM_001020658, intron 3 of 21)	-40112	NR_003066	692200		NR_003066		SNORD103C	HBII-251|SNORD85	small nucleolar RNA, C/D box 103C	snoRNA
*-28	chr4	48345948	48381151	+	0	NA	intron (NM_020846, intron 1 of 7)	SVA_D|Retroposon|SVA	22020	NM_020846	57606	Hs.479677	NM_020846	ENSG00000109171	SLAIN2	KIAA1458	SLAIN motif family member 2	protein-coding
*-5	chr2	54964748	55028651	+	0	NA	intron (NM_153828, intron 1 of 6)	L1MB7|LINE|L1	13573	NM_007008	57142	Hs.637850	NM_007008	ENSG00000115310	RTN4	ASY|NI220/250|NOGO|NSP|NSP-CL|Nbla00271|Nbla10545|RTN-X|RTN4-A|RTN4-B1|RTN4-B2|RTN4-C	reticulon 4	protein-coding
*-117	chr7	130355748	130375151	+	0	NA	TTS (NR_133928)	TTS (NR_133928)	1678	NR_133928	105375504	Hs.436058	NR_133928		LOC105375504	-	uncharacterized LOC105375504	ncRNA
*-189	chr3	134457748	134482731	+	0	NA	Intergenic	MIRc|SINE|MIR	-15485	NM_001353109	80254	Hs.443301	NM_025180	ENSG00000182923	CEP63	SCKL6	centrosomal protein 63	protein-coding
*-66	chr8	127798960	127929451	+	0	NA	intron (NR_003367, intron 1 of 8)	intron (NR_003367, intron 1 of 8)	68243	NR_031609	100302185		NR_031609	ENSG00000283710	MIR1204	hsa-mir-1204	microRNA 1204	ncRNA
*-190	chr3	136136148	136186501	+	0	NA	intron (NM_018133, intron 1 of 1)	L1MB7|LINE|L1	33144	NM_001145417	55167	Hs.18631	NM_018133	ENSG00000174579	MSL2	MSL-2|MSL2L1|RNF184	MSL complex subunit 2	protein-coding
*-268	chr6	158008198	158058551	+	0	NA	intron (NM_003898, intron 3 of 26)	intron (NM_003898, intron 3 of 26)	16281	NM_001178088	8871	Hs.434494	NM_003898	ENSG00000078269	SYNJ2	INPP5H	synaptojanin 2	protein-coding
*-87	chr12	12816344	12845951	+	0	NA	Intergenic	AluSz|SINE|Alu	17801	NM_201224	51202	Hs.719938	NM_016355	ENSG00000213782	DDX47	E4-DBP|HQ0256|MSTP162|RRP3	DEAD-box helicase 47	protein-coding
*-163	chr15	38877548	38897751	+	0	NA	Intergenic	Intergenic	191051	NR_160786								
*-273	chr19	46901248	46978301	+	0	NA	intron (NM_004491, intron 3 of 6)	L1MC4|LINE|L1	78777	NM_004491	2909	Hs.509447	NM_004491	ENSG00000160007	ARHGAP35	GRF-1|GRLF1|P190-A|P190A|p190ARhoGAP|p190RhoGAP	Rho GTPase activating protein 35	protein-coding
*-178	chr3	46924148	46972251	+	0	NA	intron (NM_144716, intron 2 of 7)	intron (NM_144716, intron 2 of 7)	28302	NR_102269	151903	Hs.631918	NM_144716	ENSG00000160799	CCDC12	-	coiled-coil domain containing 12	protein-coding
*-10	chr2	117936998	117987701	+	0	NA	intron (NM_019044, intron 11 of 23)	intron (NM_019044, intron 11 of 23)	51721	NM_019044	54520	Hs.107845	NM_019044	ENSG00000125633	CCDC93	-	coiled-coil domain containing 93	protein-coding
*-134	chr1	76022998	76110101	+	0	NA	Intergenic	Intergenic	-8197	NM_152996	256435	Hs.337040	NM_152996	ENSG00000184005	ST6GALNAC3	PRO7177|SIAT7C|ST6GALNACIII|STY	ST6 N-acetylgalactosaminide alpha-2,6-sialyltransferase 3	protein-coding
*-209	chr5	83501698	83567351	+	0	NA	intron (NR_136215, intron 1 of 2)	intron (NR_136215, intron 1 of 2)	27790	NR_136215	105379054	Hs.643801	NR_136215	ENSG00000249835	VCAN-AS1	-	VCAN antisense RNA 1	ncRNA
*-65	chr8	117977048	118057451	+	0	NA	intron (NM_000127, intron 1 of 10)	intron (NM_000127, intron 1 of 10)	94570	NM_000127	2131	Hs.492618	NM_000127	ENSG00000182197	EXT1	EXT|LGCR|LGS|TRPS2|TTV	exostosin glycosyltransferase 1	protein-coding
*-278	chr16	57168998	57204301	+	0	NA	promoter-TSS (NM_001354096)	promoter-TSS (NM_001354096)	320	NM_001305164	89970	Hs.460885	NM_133368	ENSG00000159579	RSPRY1	SEMDFA	ring finger and SPRY domain containing 1	protein-coding
*-86	chr11	128456898	128519309	+	0	NA	intron (NM_001143820, intron 5 of 9)	intron (NM_001143820, intron 5 of 9)	34207	NM_001330451	2113	Hs.369438	NM_005238	ENSG00000134954	ETS1	ETS-1|EWSR2|c-ets-1|p54	ETS proto-oncogene 1, transcription factor	protein-coding
*-173	chr3	8442248	8465001	+	0	NA	intron (NR_033378, intron 3 of 3)	(CA)n|Simple_repeat|Simple_repeat	48034	NR_033378	100288428	Hs.651576	NR_033378	ENSG00000227110	LMCD1-AS1	-	LMCD1 antisense RNA 1	ncRNA
*-263	chr6	53263598	53329751	+	0	NA	intron (NM_001242830, intron 1 of 6)	intron (NM_001242830, intron 1 of 6)	19681	NR_049866	100847075		NR_049866	ENSG00000264056	MIR5685	-	microRNA 5685	ncRNA
*-168	chr15	89084848	89114201	+	0	NA	intron (NM_007011, intron 2 of 14)	AluJr4|SINE|Alu	11068	NM_152924	11057	Hs.122337	NM_007011	ENSG00000140526	ABHD2	HS1-2|LABH2|PHPS1-2	abhydrolase domain containing 2	protein-coding
*-109	chr7	43595798	43702151	+	0	NA	intron (NM_018224, intron 1 of 5)	intron (NM_018224, intron 1 of 5)	65866	NM_004760	9263	Hs.709489	NM_004760	ENSG00000164543	STK17A	DRAK1	serine/threonine kinase 17a	protein-coding
*-39	chr4	122873448	122913301	+	0	NA	3' UTR (NM_002006, exon 3 of 3)	3' UTR (NM_002006, exon 3 of 3)	29223	NM_007083	11162	Hs.558459	NM_007083	ENSG00000170917	NUDT6	ASFGF2|FGF-AS|FGF2AS|GFG-1|GFG1	nudix hydrolase 6	protein-coding
*-234	chr22	20503948	20553351	+	0	NA	intron (NM_001293237, intron 1 of 16)	HAL1|LINE|L1	20602	NM_001293237	51586	Hs.517421	NM_015889	ENSG00000099917	MED15	ARC105|CAG7A|CTG7A|PCQAP|TIG-1|TIG1|TNRC7	mediator complex subunit 15	protein-coding
*-20	chr2	207219798	207260201	+	0	NA	non-coding (NR_146555, exon 1 of 3)	non-coding (NR_146555, exon 1 of 3)	188	NR_146555	105373853	Hs.678559	NR_146555	ENSG00000229647	MYOSLID	-	myocardin-induced smooth muscle lncRNA, inducer of differentiation	ncRNA
*-231	chr9	123036641	123103201	+	0	NA	intron (NM_012197, intron 14 of 25)	L2c|LINE|L2	36278	NM_005294	2844	Hs.722039	NM_005294	ENSG00000011454	GPR21	-	G protein-coupled receptor 21	protein-coding
*-85	chr11	122156498	122199001	+	0	NA	intron (NR_024430, intron 2 of 3)	intron (NR_024430, intron 2 of 3)	2883	NR_137184	399959	Hs.44098	NR_024430	ENSG00000255248	MIR100HG	AGD1|linc-NeD125|lncRNA-N2	mir-100-let-7a-2-mir-125b-1 cluster host gene	ncRNA
*-43	chr10	3071625	3114001	+	0	NA	intron (NM_001242339, intron 3 of 23)	intron (NM_001242339, intron 3 of 23)	-11796	NM_001323073	5214	Hs.26010	NM_002627	ENSG00000067057	PFKP	ATP-PFK|PFK-C|PFK-P|PFKF	phosphofructokinase, platelet	protein-coding
*-158	chr13	51617898	51646001	+	0	NA	intron (NM_052950, intron 1 of 11)	intron (NM_052950, intron 1 of 11)	47487	NM_052950	115825	Hs.46506	NM_052950	ENSG00000139668	WDFY2	PROF|WDF2|ZFYVE22	WD repeat and FYVE domain containing 2	protein-coding
*-253	chr20	35304048	35339601	+	0	NA	intron (NM_001184977, intron 5 of 7)	Plat_L3|LINE|CR1	-29399	NM_178468	128876	Hs.592149	NM_178468	ENSG00000125998	FAM83C	C20orf128|dJ614O4.7	family with sequence similarity 83 member C	protein-coding
*-9	chr2	69116248	69192151	+	0	NA	intron (NM_032208, intron 13 of 17)	intron (NM_032208, intron 13 of 17)	50517	NR_036073	100423030		NR_036073	ENSG00000266649	MIR3126	mir-3126	microRNA 3126	ncRNA
*-67	chr11	8704048	8734001	+	0	NA	intron (NM_005418, intron 7 of 22)	intron (NM_005418, intron 7 of 22)	33585	NR_002977	677826	Hs.745552	NR_002977	ENSG00000212607	SNORA3B	ACA3-2|SNORA45|SNORA45B	small nucleolar RNA, H/ACA box 3B	snoRNA
*-217	chr5	149484848	149537351	+	0	NA	intron (NM_001271742, intron 6 of 9)	AluJb|SINE|Alu	39266	NM_001271742	1452	Hs.529862	NM_001892	ENSG00000113712	CSNK1A1	CK1|CK1a|CKIa|HEL-S-77p|HLCDGP1|PRO2975	casein kinase 1 alpha 1	protein-coding
*-18	chr2	189247498	189288951	+	0	NA	Intergenic	Intergenic	-88463	NM_000393	1290	Hs.445827	NM_000393	ENSG00000204262	COL5A2	EDSC|EDSCL2	collagen type V alpha 2 chain	protein-coding
*-227	chr9	36089348	36114801	+	0	NA	intron (NM_021111, intron 11 of 20)	intron (NM_021111, intron 11 of 20)	-34462	NR_104640	152007	Hs.493819	NM_022343	ENSG00000122694	GLIPR2	C9orf19|GAPR-1|GAPR1	GLI pathogenesis related 2	protein-coding
